ID,Name,description,timestamp,begin,end,altitudeMode,tessellate,extrude,visibility,drawOrder,icon,time,latitude,longitude,horizontalError,fixType
MS040_Christoffer_692132A_2,2017.06.18 00:00:48,,2017-06-18T00:00:48,,,,-1,0,-1,,,2017.06.18 00:00:48,-21.109548,-53.758587,74.50,
MS040_Christoffer_692132A_2,2017.06.18 08:00:34,,2017-06-18T08:00:34,,,,-1,0,-1,,,2017.06.18 08:00:34,-21.105772,-53.759832,7.50,
MS040_Christoffer_692132A_2,2017.06.18 16:01:06,,2017-06-18T16:01:06,,,,-1,0,-1,,,2017.06.18 16:01:06,-21.105815,-53.759864,53.50,
MS040_Christoffer_692132A_2,2017.06.19 00:00:40,,2017-06-19T00:00:40,,,,-1,0,-1,,,2017.06.19 00:00:40,-21.108325,-53.766891,6.50,
MS040_Christoffer_692132A_2,2017.06.19 08:00:33,,2017-06-19T08:00:33,,,,-1,0,-1,,,2017.06.19 08:00:33,-21.106973,-53.766827,9.50,
MS040_Christoffer_692132A_2,2017.06.19 16:00:45,,2017-06-19T16:00:45,,,,-1,0,-1,,,2017.06.19 16:00:45,-21.106362,-53.767138,9.50,
MS040_Christoffer_692132A_2,2017.06.20 00:01:01,,2017-06-20T00:01:01,,,,-1,0,-1,,,2017.06.20 00:01:01,-21.106845,-53.765679,8.50,
MS040_Christoffer_692132A_2,2017.06.20 08:00:34,,2017-06-20T08:00:34,,,,-1,0,-1,,,2017.06.20 08:00:34,-21.106963,-53.766848,8.50,
MS040_Christoffer_692132A_2,2017.06.20 16:00:48,,2017-06-20T16:00:48,,,,-1,0,-1,,,2017.06.20 16:00:48,-21.098734,-53.760851,30.50,
MS040_Christoffer_692132A_2,2017.06.21 00:00:55,,2017-06-21T00:00:55,,,,-1,0,-1,,,2017.06.21 00:00:55,-21.110289,-53.758577,29.50,
MS040_Christoffer_692132A_2,2017.06.21 08:00:38,,2017-06-21T08:00:38,,,,-1,0,-1,,,2017.06.21 08:00:38,-21.109312,-53.757879,9.50,
MS040_Christoffer_692132A_2,2017.06.21 16:00:46,,2017-06-21T16:00:46,,,,-1,0,-1,,,2017.06.21 16:00:46,-21.109291,-53.757858,12.50,
MS040_Christoffer_692132A_2,2017.06.22 00:01:00,,2017-06-22T00:01:00,,,,-1,0,-1,,,2017.06.22 00:01:00,-21.110685,-53.758501,31.50,
MS040_Christoffer_692132A_2,2017.06.22 08:02:24,,2017-06-22T08:02:24,,,,-1,0,-1,,,2017.06.22 08:02:24,-21.112134,-53.758920,93.50,
MS040_Christoffer_692132A_2,2017.06.22 16:00:36,,2017-06-22T16:00:36,,,,-1,0,-1,,,2017.06.22 16:00:36,-21.112155,-53.758898,9.50,
MS040_Christoffer_692132A_2,2017.06.23 00:00:36,,2017-06-23T00:00:36,,,,-1,0,-1,,,2017.06.23 00:00:36,-21.111200,-53.757901,8.50,
MS040_Christoffer_692132A_2,2017.06.23 08:00:47,,2017-06-23T08:00:47,,,,-1,0,-1,,,2017.06.23 08:00:47,-21.111436,-53.759542,10.50,
MS040_Christoffer_692132A_2,2017.06.23 16:00:41,,2017-06-23T16:00:41,,,,-1,0,-1,,,2017.06.23 16:00:41,-21.111447,-53.759553,9.50,
MS040_Christoffer_692132A_2,2017.06.24 00:00:47,,2017-06-24T00:00:47,,,,-1,0,-1,,,2017.06.24 00:00:47,-21.112520,-53.764166,15.50,
MS040_Christoffer_692132A_2,2017.06.24 08:00:48,,2017-06-24T08:00:48,,,,-1,0,-1,,,2017.06.24 08:00:48,-21.108915,-53.764156,30.50,
MS040_Christoffer_692132A_2,2017.06.24 16:00:39,,2017-06-24T16:00:39,,,,-1,0,-1,,,2017.06.24 16:00:39,-21.108937,-53.764156,9.50,
MS040_Christoffer_692132A_2,2017.06.25 00:00:49,,2017-06-25T00:00:49,,,,-1,0,-1,,,2017.06.25 00:00:49,-21.107907,-53.758737,11.50,
MS040_Christoffer_692132A_2,2017.06.25 08:00:35,,2017-06-25T08:00:35,,,,-1,0,-1,,,2017.06.25 08:00:35,-21.102178,-53.755701,8.50,
MS040_Christoffer_692132A_2,2017.06.25 16:02:01,,2017-06-25T16:02:01,,,,-1,0,-1,,,2017.06.25 16:02:01,-21.102188,-53.755648,28.50,
MS040_Christoffer_692132A_2,2017.06.26 00:00:34,,2017-06-26T00:00:34,,,,-1,0,-1,,,2017.06.26 00:00:34,-21.109387,-53.758705,6.50,
MS040_Christoffer_692132A_2,2017.06.26 08:00:47,,2017-06-26T08:00:47,,,,-1,0,-1,,,2017.06.26 08:00:47,-21.112102,-53.758877,16.50,
MS040_Christoffer_692132A_2,2017.06.26 16:00:32,,2017-06-26T16:00:32,,,,-1,0,-1,,,2017.06.26 16:00:32,-21.112134,-53.758877,9.50,
MS040_Christoffer_692132A_2,2017.06.27 00:00:40,,2017-06-27T00:00:40,,,,-1,0,-1,,,2017.06.27 00:00:40,-21.110954,-53.757364,9.50,
MS040_Christoffer_692132A_2,2017.06.27 08:00:48,,2017-06-27T08:00:48,,,,-1,0,-1,,,2017.06.27 08:00:48,-21.112134,-53.758909,21.50,
MS040_Christoffer_692132A_2,2017.06.27 16:01:01,,2017-06-27T16:01:01,,,,-1,0,-1,,,2017.06.27 16:01:01,-21.112306,-53.759574,44.50,
MS040_Christoffer_692132A_2,2017.06.28 00:00:36,,2017-06-28T00:00:36,,,,-1,0,-1,,,2017.06.28 00:00:36,-21.110600,-53.757107,8.50,
MS040_Christoffer_692132A_2,2017.06.28 08:00:33,,2017-06-28T08:00:33,,,,-1,0,-1,,,2017.06.28 08:00:33,-21.105450,-53.759134,8.50,
MS040_Christoffer_692132A_2,2017.06.28 16:00:43,,2017-06-28T16:00:43,,,,-1,0,-1,,,2017.06.28 16:00:43,-21.105471,-53.759113,9.50,
MS040_Christoffer_692132A_2,2017.06.29 00:00:46,,2017-06-29T00:00:46,,,,-1,0,-1,,,2017.06.29 00:00:46,-21.110728,-53.757536,8.50,
MS040_Christoffer_692132A_2,2017.06.29 08:00:40,,2017-06-29T08:00:40,,,,-1,0,-1,,,2017.06.29 08:00:40,-21.116468,-53.758265,9.50,
MS040_Christoffer_692132A_2,2017.06.29 16:01:54,,2017-06-29T16:01:54,,,,-1,0,-1,,,2017.06.29 16:01:54,-21.116447,-53.758287,31.50,
MS040_Christoffer_692132A_2,2017.06.30 00:00:36,,2017-06-30T00:00:36,,,,-1,0,-1,,,2017.06.30 00:00:36,-21.110278,-53.758426,6.50,
MS040_Christoffer_692132A_2,2017.06.30 08:00:48,,2017-06-30T08:00:48,,,,-1,0,-1,,,2017.06.30 08:00:48,-21.102703,-53.760701,11.50,
MS040_Christoffer_692132A_2,2017.06.30 16:00:33,,2017-06-30T16:00:33,,,,-1,0,-1,,,2017.06.30 16:00:33,-21.101426,-53.761774,8.50,
MS040_Christoffer_692132A_2,2017.07.01 00:00:36,,2017-07-01T00:00:36,,,,-1,0,-1,,,2017.07.01 00:00:36,-21.097897,-53.762128,9.50,
MS040_Christoffer_692132A_2,2017.07.01 08:00:36,,2017-07-01T08:00:36,,,,-1,0,-1,,,2017.07.01 08:00:36,-21.096008,-53.761162,9.50,
MS040_Christoffer_692132A_2,2017.07.01 16:00:39,,2017-07-01T16:00:39,,,,-1,0,-1,,,2017.07.01 16:00:39,-21.096008,-53.761173,9.50,
MS040_Christoffer_692132A_2,2017.07.02 00:00:44,,2017-07-02T00:00:44,,,,-1,0,-1,,,2017.07.02 00:00:44,-21.110353,-53.758727,7.50,
MS040_Christoffer_692132A_2,2017.07.02 08:00:48,,2017-07-02T08:00:48,,,,-1,0,-1,,,2017.07.02 08:00:48,-21.112112,-53.758888,18.50,
MS040_Christoffer_692132A_2,2017.07.02 16:00:33,,2017-07-02T16:00:33,,,,-1,0,-1,,,2017.07.02 16:00:33,-21.112123,-53.758909,8.50,
MS040_Christoffer_692132A_2,2017.07.03 00:00:46,,2017-07-03T00:00:46,,,,-1,0,-1,,,2017.07.03 00:00:46,-21.110246,-53.758201,7.50,
MS040_Christoffer_692132A_2,2017.07.03 08:00:46,,2017-07-03T08:00:46,,,,-1,0,-1,,,2017.07.03 08:00:46,-21.111458,-53.759574,25.50,
MS040_Christoffer_692132A_2,2017.07.03 16:00:33,,2017-07-03T16:00:33,,,,-1,0,-1,,,2017.07.03 16:00:33,-21.111469,-53.759564,8.50,
MS040_Christoffer_692132A_2,2017.07.04 00:00:48,,2017-07-04T00:00:48,,,,-1,0,-1,,,2017.07.04 00:00:48,-21.111125,-53.756914,8.50,
MS040_Christoffer_692132A_2,2017.07.04 08:00:33,,2017-07-04T08:00:33,,,,-1,0,-1,,,2017.07.04 08:00:33,-21.112080,-53.758888,9.50,
MS040_Christoffer_692132A_2,2017.07.04 16:00:48,,2017-07-04T16:00:48,,,,-1,0,-1,,,2017.07.04 16:00:48,-21.112123,-53.758898,29.50,
MS040_Christoffer_692132A_2,2017.07.05 00:00:46,,2017-07-05T00:00:46,,,,-1,0,-1,,,2017.07.05 00:00:46,-21.110128,-53.757815,41.50,
MS040_Christoffer_692132A_2,2017.07.05 08:00:35,,2017-07-05T08:00:35,,,,-1,0,-1,,,2017.07.05 08:00:35,-21.109323,-53.757450,9.50,
MS040_Christoffer_692132A_2,2017.07.05 16:00:35,,2017-07-05T16:00:35,,,,-1,0,-1,,,2017.07.05 16:00:35,-21.109301,-53.757450,9.50,
MS040_Christoffer_692132A_2,2017.07.06 00:00:39,,2017-07-06T00:00:39,,,,-1,0,-1,,,2017.07.06 00:00:39,-21.103851,-53.759016,5.50,
MS040_Christoffer_692132A_2,2017.07.06 08:00:36,,2017-07-06T08:00:36,,,,-1,0,-1,,,2017.07.06 08:00:36,-21.108904,-53.764145,9.50,
MS040_Christoffer_692132A_2,2017.07.06 16:00:38,,2017-07-06T16:00:38,,,,-1,0,-1,,,2017.07.06 16:00:38,-21.108915,-53.764166,9.50,
MS040_Christoffer_692132A_2,2017.07.07 00:00:37,,2017-07-07T00:00:37,,,,-1,0,-1,,,2017.07.07 00:00:37,-21.111909,-53.763104,9.50,
MS040_Christoffer_692132A_2,2017.07.07 08:00:46,,2017-07-07T08:00:46,,,,-1,0,-1,,,2017.07.07 08:00:46,-21.112080,-53.758802,15.50,
MS040_Christoffer_692132A_2,2017.07.07 16:00:33,,2017-07-07T16:00:33,,,,-1,0,-1,,,2017.07.07 16:00:33,-21.112155,-53.758888,8.50,
MS040_Christoffer_692132A_2,2017.07.08 00:01:01,,2017-07-08T00:01:01,,,,-1,0,-1,,,2017.07.08 00:01:01,-21.113636,-53.757160,22.50,
MS040_Christoffer_692132A_2,2017.07.08 08:00:32,,2017-07-08T08:00:32,,,,-1,0,-1,,,2017.07.08 08:00:32,-21.112660,-53.758748,8.50,
MS040_Christoffer_692132A_2,2017.07.08 16:00:32,,2017-07-08T16:00:32,,,,-1,0,-1,,,2017.07.08 16:00:32,-21.112681,-53.758737,8.50,
MS040_Christoffer_692132A_2,2017.07.09 00:01:00,,2017-07-09T00:01:00,,,,-1,0,-1,,,2017.07.09 00:01:00,-21.109591,-53.758748,11.50,
MS040_Christoffer_692132A_2,2017.07.09 08:01:05,,2017-07-09T08:01:05,,,,-1,0,-1,,,2017.07.09 08:01:05,-21.100225,-53.756195,71.50,
MS040_Christoffer_692132A_2,2017.07.09 16:00:46,,2017-07-09T16:00:46,,,,-1,0,-1,,,2017.07.09 16:00:46,-21.100064,-53.756248,24.50,
MS040_Christoffer_692132A_2,2017.07.10 00:00:37,,2017-07-10T00:00:37,,,,-1,0,-1,,,2017.07.10 00:00:37,-21.091899,-53.758727,8.50,
MS040_Christoffer_692132A_2,2017.07.10 08:00:34,,2017-07-10T08:00:34,,,,-1,0,-1,,,2017.07.10 08:00:34,-21.092028,-53.759038,9.50,
MS040_Christoffer_692132A_2,2017.07.10 16:00:34,,2017-07-10T16:00:34,,,,-1,0,-1,,,2017.07.10 16:00:34,-21.092039,-53.759027,9.50,
MS040_Christoffer_692132A_2,2017.07.11 00:00:38,,2017-07-11T00:00:38,,,,-1,0,-1,,,2017.07.11 00:00:38,-21.106619,-53.771515,9.50,
MS040_Christoffer_692132A_2,2017.07.11 08:00:38,,2017-07-11T08:00:38,,,,-1,0,-1,,,2017.07.11 08:00:38,-21.108958,-53.761291,9.50,
MS040_Christoffer_692132A_2,2017.07.11 16:01:01,,2017-07-11T16:01:01,,,,-1,0,-1,,,2017.07.11 16:01:01,-21.108980,-53.761312,21.50,
MS040_Christoffer_692132A_2,2017.07.12 00:01:01,,2017-07-12T00:01:01,,,,-1,0,-1,,,2017.07.12 00:01:01,-21.108229,-53.760089,15.50,
MS040_Christoffer_692132A_2,2017.07.12 08:00:35,,2017-07-12T08:00:35,,,,-1,0,-1,,,2017.07.12 08:00:35,-21.105493,-53.758212,9.50,
MS040_Christoffer_692132A_2,2017.07.12 16:00:39,,2017-07-12T16:00:39,,,,-1,0,-1,,,2017.07.12 16:00:39,-21.105503,-53.758201,9.50,
MS040_Christoffer_692132A_2,2017.07.13 00:00:49,,2017-07-13T00:00:49,,,,-1,0,-1,,,2017.07.13 00:00:49,-21.110954,-53.757901,19.50,
MS040_Christoffer_692132A_2,2017.07.13 08:00:47,,2017-07-13T08:00:47,,,,-1,0,-1,,,2017.07.13 08:00:47,-21.109269,-53.758737,11.50,
MS040_Christoffer_692132A_2,2017.07.13 16:00:36,,2017-07-13T16:00:36,,,,-1,0,-1,,,2017.07.13 16:00:36,-21.109301,-53.758748,9.50,
MS040_Christoffer_692132A_2,2017.07.14 00:00:49,,2017-07-14T00:00:49,,,,-1,0,-1,,,2017.07.14 00:00:49,-21.112112,-53.757686,22.50,
MS040_Christoffer_692132A_2,2017.07.14 08:00:32,,2017-07-14T08:00:32,,,,-1,0,-1,,,2017.07.14 08:00:32,-21.112660,-53.758748,9.50,
MS040_Christoffer_692132A_2,2017.07.14 16:00:46,,2017-07-14T16:00:46,,,,-1,0,-1,,,2017.07.14 16:00:46,-21.112692,-53.758759,18.50,
MS040_Christoffer_692132A_2,2017.07.15 00:01:01,,2017-07-15T00:01:01,,,,-1,0,-1,,,2017.07.15 00:01:01,-21.111222,-53.757096,32.50,
MS040_Christoffer_692132A_2,2017.07.15 08:00:47,,2017-07-15T08:00:47,,,,-1,0,-1,,,2017.07.15 08:00:47,-21.104860,-53.759220,10.50,
MS040_Christoffer_692132A_2,2017.07.15 16:00:46,,2017-07-15T16:00:46,,,,-1,0,-1,,,2017.07.15 16:00:46,-21.104892,-53.759220,16.50,
MS040_Christoffer_692132A_2,2017.07.16 00:01:01,,2017-07-16T00:01:01,,,,-1,0,-1,,,2017.07.16 00:01:01,-21.109720,-53.758855,14.50,
MS040_Christoffer_692132A_2,2017.07.16 08:01:01,,2017-07-16T08:01:01,,,,-1,0,-1,,,2017.07.16 08:01:01,-21.111447,-53.759574,18.50,
MS040_Christoffer_692132A_2,2017.07.16 16:00:36,,2017-07-16T16:00:36,,,,-1,0,-1,,,2017.07.16 16:00:36,-21.111458,-53.759564,8.50,
MS040_Christoffer_692132A_2,2017.07.17 00:00:55,,2017-07-17T00:00:55,,,,-1,0,-1,,,2017.07.17 00:00:55,-21.109741,-53.758737,33.50,
MS040_Christoffer_692132A_2,2017.07.17 08:00:36,,2017-07-17T08:00:36,,,,-1,0,-1,,,2017.07.17 08:00:36,-21.100332,-53.756549,9.50,
MS040_Christoffer_692132A_2,2017.07.17 16:00:35,,2017-07-17T16:00:35,,,,-1,0,-1,,,2017.07.17 16:00:35,-21.100354,-53.756527,9.50,
MS040_Christoffer_692132A_2,2017.07.18 00:02:00,,2017-07-18T00:02:00,,,,-1,0,-1,,,2017.07.18 00:02:00,-21.100407,-53.756517,43.50,
MS040_Christoffer_692132A_2,2017.07.18 08:00:36,,2017-07-18T08:00:36,,,,-1,0,-1,,,2017.07.18 08:00:36,-21.100354,-53.756538,9.50,
MS040_Christoffer_692132A_2,2017.07.18 16:01:30,,2017-07-18T16:01:30,,,,-1,0,-1,,,2017.07.18 16:01:30,-21.099313,-53.755133,21.50,
MS040_Christoffer_692132A_2,2017.07.19 00:00:39,,2017-07-19T00:00:39,,,,-1,0,-1,,,2017.07.19 00:00:39,-21.109301,-53.757353,9.50,
MS040_Christoffer_692132A_2,2017.07.19 08:00:50,,2017-07-19T08:00:50,,,,-1,0,-1,,,2017.07.19 08:00:50,-21.109301,-53.757353,6.50,
MS040_Christoffer_692132A_2,2017.07.19 16:00:35,,2017-07-19T16:00:35,,,,-1,0,-1,,,2017.07.19 16:00:35,-21.109334,-53.757461,8.50,
MS040_Christoffer_692132A_2,2017.07.20 00:00:38,,2017-07-20T00:00:38,,,,-1,0,-1,,,2017.07.20 00:00:38,-21.110546,-53.762417,9.50,
MS040_Christoffer_692132A_2,2017.07.20 08:00:49,,2017-07-20T08:00:49,,,,-1,0,-1,,,2017.07.20 08:00:49,-21.110567,-53.762471,31.50,
MS040_Christoffer_692132A_2,2017.07.20 16:01:55,,2017-07-20T16:01:55,,,,-1,0,-1,,,2017.07.20 16:01:55,-21.110546,-53.762493,27.50,
MS040_Christoffer_692132A_2,2017.07.21 00:00:55,,2017-07-21T00:00:55,,,,-1,0,-1,,,2017.07.21 00:00:55,-21.112016,-53.757986,35.50,
MS040_Christoffer_692132A_2,2017.07.21 08:00:43,,2017-07-21T08:00:43,,,,-1,0,-1,,,2017.07.21 08:00:43,-21.112681,-53.758770,9.50,
MS040_Christoffer_692132A_2,2017.07.21 16:00:54,,2017-07-21T16:00:54,,,,-1,0,-1,,,2017.07.21 16:00:54,-21.112263,-53.757600,20.50,
MS040_Christoffer_692132A_2,2017.07.22 00:01:00,,2017-07-22T00:01:00,,,,-1,0,-1,,,2017.07.22 00:01:00,-21.108304,-53.763383,24.50,
MS040_Christoffer_692132A_2,2017.07.22 08:00:37,,2017-07-22T08:00:37,,,,-1,0,-1,,,2017.07.22 08:00:37,-21.108915,-53.764198,9.50,
MS040_Christoffer_692132A_2,2017.07.23 00:00:48,,2017-07-23T00:00:48,,,,-1,0,-1,,,2017.07.23 00:00:48,-21.111007,-53.764885,36.50,
MS040_Christoffer_692132A_2,2017.07.23 08:00:33,,2017-07-23T08:00:33,,,,-1,0,-1,,,2017.07.23 08:00:33,-21.112660,-53.758759,9.50,
MS040_Christoffer_692132A_2,2017.07.23 16:00:42,,2017-07-23T16:00:42,,,,-1,0,-1,,,2017.07.23 16:00:42,-21.112692,-53.758770,9.50,
MS040_Christoffer_692132A_2,2017.07.24 00:00:55,,2017-07-24T00:00:55,,,,-1,0,-1,,,2017.07.24 00:00:55,-21.112981,-53.757429,47.50,
MS040_Christoffer_692132A_2,2017.07.24 08:00:48,,2017-07-24T08:00:48,,,,-1,0,-1,,,2017.07.24 08:00:48,-21.116586,-53.758952,84.50,
MS040_Christoffer_692132A_2,2017.07.24 16:00:46,,2017-07-24T16:00:46,,,,-1,0,-1,,,2017.07.24 16:00:46,-21.116458,-53.758920,10.50,
MS040_Christoffer_692132A_2,2017.07.25 00:01:01,,2017-07-25T00:01:01,,,,-1,0,-1,,,2017.07.25 00:01:01,-21.110728,-53.757493,24.50,
MS040_Christoffer_692132A_2,2017.07.25 08:00:38,,2017-07-25T08:00:38,,,,-1,0,-1,,,2017.07.25 08:00:38,-21.100354,-53.756517,9.50,
MS040_Christoffer_692132A_2,2017.07.25 16:00:34,,2017-07-25T16:00:34,,,,-1,0,-1,,,2017.07.25 16:00:34,-21.100364,-53.756527,7.50,
MS040_Christoffer_692132A_2,2017.07.26 00:00:54,,2017-07-26T00:00:54,,,,-1,0,-1,,,2017.07.26 00:00:54,-21.109516,-53.758984,26.50,
MS040_Christoffer_692132A_2,2017.07.26 08:02:18,,2017-07-26T08:02:18,,,,-1,0,-1,,,2017.07.26 08:02:18,-21.116554,-53.758995,96.50,
MS040_Christoffer_692132A_2,2017.07.26 16:00:35,,2017-07-26T16:00:35,,,,-1,0,-1,,,2017.07.26 16:00:35,-21.116490,-53.758888,9.50,
MS040_Christoffer_692132A_2,2017.07.27 00:00:34,,2017-07-27T00:00:34,,,,-1,0,-1,,,2017.07.27 00:00:34,-21.110031,-53.757858,8.50,
MS040_Christoffer_692132A_2,2017.07.27 08:00:33,,2017-07-27T08:00:33,,,,-1,0,-1,,,2017.07.27 08:00:33,-21.105192,-53.759542,8.50,
MS040_Christoffer_692132A_2,2017.07.27 16:00:32,,2017-07-27T16:00:32,,,,-1,0,-1,,,2017.07.27 16:00:32,-21.105182,-53.759542,9.50,
MS040_Christoffer_692132A_2,2017.07.28 00:01:01,,2017-07-28T00:01:01,,,,-1,0,-1,,,2017.07.28 00:01:01,-21.098809,-53.767578,31.50,
MS040_Christoffer_692132A_2,2017.07.28 08:00:34,,2017-07-28T08:00:34,,,,-1,0,-1,,,2017.07.28 08:00:34,-21.106973,-53.766838,9.50,
MS040_Christoffer_692132A_2,2017.07.28 16:00:33,,2017-07-28T16:00:33,,,,-1,0,-1,,,2017.07.28 16:00:33,-21.106973,-53.766827,9.50,
MS040_Christoffer_692132A_2,2017.07.29 00:00:49,,2017-07-29T00:00:49,,,,-1,0,-1,,,2017.07.29 00:00:49,-21.109999,-53.757568,38.50,
MS040_Christoffer_692132A_2,2017.07.29 08:00:55,,2017-07-29T08:00:55,,,,-1,0,-1,,,2017.07.29 08:00:55,-21.111555,-53.758845,50.50,
MS040_Christoffer_692132A_2,2017.07.29 16:00:35,,2017-07-29T16:00:35,,,,-1,0,-1,,,2017.07.29 16:00:35,-21.111533,-53.758823,7.50,
MS040_Christoffer_692132A_2,2017.07.30 00:00:37,,2017-07-30T00:00:37,,,,-1,0,-1,,,2017.07.30 00:00:37,-21.112112,-53.757514,5.50,
MS040_Christoffer_692132A_2,2017.07.30 08:00:54,,2017-07-30T08:00:54,,,,-1,0,-1,,,2017.07.30 08:00:54,-21.110750,-53.760003,62.50,
MS040_Christoffer_692132A_2,2017.07.30 16:00:34,,2017-07-30T16:00:34,,,,-1,0,-1,,,2017.07.30 16:00:34,-21.111265,-53.759639,8.50,
MS040_Christoffer_692132A_2,2017.07.31 00:01:00,,2017-07-31T00:01:00,,,,-1,0,-1,,,2017.07.31 00:01:00,-21.110868,-53.757675,33.50,
MS040_Christoffer_692132A_2,2017.07.31 08:00:39,,2017-07-31T08:00:39,,,,-1,0,-1,,,2017.07.31 08:00:39,-21.101555,-53.758416,9.50,
MS040_Christoffer_692132A_2,2017.07.31 16:00:32,,2017-07-31T16:00:32,,,,-1,0,-1,,,2017.07.31 16:00:32,-21.101587,-53.758394,9.50,
MS040_Christoffer_692132A_2,2017.08.01 00:00:54,,2017-08-01T00:00:54,,,,-1,0,-1,,,2017.08.01 00:00:54,-21.109269,-53.758888,32.50,
MS040_Christoffer_692132A_2,2017.08.01 08:00:48,,2017-08-01T08:00:48,,,,-1,0,-1,,,2017.08.01 08:00:48,-21.111512,-53.758834,47.50,
MS040_Christoffer_692132A_2,2017.08.01 16:00:35,,2017-08-01T16:00:35,,,,-1,0,-1,,,2017.08.01 16:00:35,-21.111512,-53.758813,8.50,
MS040_Christoffer_692132A_2,2017.08.02 00:00:38,,2017-08-02T00:00:38,,,,-1,0,-1,,,2017.08.02 00:00:38,-21.110235,-53.759274,9.50,
MS040_Christoffer_692132A_2,2017.08.02 08:00:36,,2017-08-02T08:00:36,,,,-1,0,-1,,,2017.08.02 08:00:36,-21.102167,-53.758855,8.50,
MS040_Christoffer_692132A_2,2017.08.02 16:00:47,,2017-08-02T16:00:47,,,,-1,0,-1,,,2017.08.02 16:00:47,-21.101587,-53.758394,18.50,
MS040_Christoffer_692132A_2,2017.08.03 00:00:49,,2017-08-03T00:00:49,,,,-1,0,-1,,,2017.08.03 00:00:49,-21.102220,-53.758855,11.50,
MS040_Christoffer_692132A_2,2017.08.04 00:00:48,,2017-08-04T00:00:48,,,,-1,0,-1,,,2017.08.04 00:00:48,-21.103325,-53.760744,38.50,
MS040_Christoffer_692132A_2,2017.08.04 08:00:34,,2017-08-04T08:00:34,,,,-1,0,-1,,,2017.08.04 08:00:34,-21.092049,-53.759027,9.50,
MS040_Christoffer_692132A_2,2017.08.04 16:01:24,,2017-08-04T16:01:24,,,,-1,0,-1,,,2017.08.04 16:01:24,-21.092125,-53.759038,79.50,
MS040_Christoffer_692132A_2,2017.08.05 00:00:53,,2017-08-05T00:00:53,,,,-1,0,-1,,,2017.08.05 00:00:53,-21.107349,-53.765572,46.50,
MS040_Christoffer_692132A_2,2017.08.05 08:00:34,,2017-08-05T08:00:34,,,,-1,0,-1,,,2017.08.05 08:00:34,-21.106963,-53.766827,8.50,
MS040_Christoffer_692132A_2,2017.08.05 16:00:46,,2017-08-05T16:00:46,,,,-1,0,-1,,,2017.08.05 16:00:46,-21.106973,-53.766827,13.50,
MS040_Christoffer_692132A_2,2017.08.06 00:01:01,,2017-08-06T00:01:01,,,,-1,0,-1,,,2017.08.06 00:01:01,-21.108325,-53.763919,13.50,
MS040_Christoffer_692132A_2,2017.08.06 08:00:49,,2017-08-06T08:00:49,,,,-1,0,-1,,,2017.08.06 08:00:49,-21.112778,-53.760422,8.50,
MS040_Christoffer_692132A_2,2017.08.06 16:00:47,,2017-08-06T16:00:47,,,,-1,0,-1,,,2017.08.06 16:00:47,-21.111115,-53.757429,13.50,
MS040_Christoffer_692132A_2,2017.08.07 00:00:45,,2017-08-07T00:00:45,,,,-1,0,-1,,,2017.08.07 00:00:45,-21.108314,-53.759521,7.50,
MS040_Christoffer_692132A_2,2017.08.07 08:00:48,,2017-08-07T08:00:48,,,,-1,0,-1,,,2017.08.07 08:00:48,-21.105686,-53.757643,10.50,
MS040_Christoffer_692132A_2,2017.08.07 16:00:33,,2017-08-07T16:00:33,,,,-1,0,-1,,,2017.08.07 16:00:33,-21.105707,-53.757632,9.50,
MS040_Christoffer_692132A_2,2017.08.08 00:00:35,,2017-08-08T00:00:35,,,,-1,0,-1,,,2017.08.08 00:00:35,-21.110063,-53.758319,8.50,
MS040_Christoffer_692132A_2,2017.08.08 08:00:37,,2017-08-08T08:00:37,,,,-1,0,-1,,,2017.08.08 08:00:37,-21.111447,-53.759564,8.50,
MS040_Christoffer_692132A_2,2017.08.08 16:00:37,,2017-08-08T16:00:37,,,,-1,0,-1,,,2017.08.08 16:00:37,-21.111265,-53.759639,9.50,
MS040_Christoffer_692132A_2,2017.08.09 00:00:36,,2017-08-09T00:00:36,,,,-1,0,-1,,,2017.08.09 00:00:36,-21.110374,-53.757536,7.50,
MS040_Christoffer_692132A_2,2017.08.09 08:01:06,,2017-08-09T08:01:06,,,,-1,0,-1,,,2017.08.09 08:01:06,-21.099645,-53.755379,46.50,
MS040_Christoffer_692132A_2,2017.08.09 16:00:54,,2017-08-09T16:00:54,,,,-1,0,-1,,,2017.08.09 16:00:54,-21.099635,-53.755487,22.50,
MS040_Christoffer_692132A_2,2017.08.10 00:00:34,,2017-08-10T00:00:34,,,,-1,0,-1,,,2017.08.10 00:00:34,-21.107724,-53.757375,8.50,
MS040_Christoffer_692132A_2,2017.08.10 08:00:48,,2017-08-10T08:00:48,,,,-1,0,-1,,,2017.08.10 08:00:48,-21.105332,-53.759124,9.50,
MS040_Christoffer_692132A_2,2017.08.11 00:00:34,,2017-08-11T00:00:34,,,,-1,0,-1,,,2017.08.11 00:00:34,-21.099474,-53.757557,8.50,
MS040_Christoffer_692132A_2,2017.08.11 08:01:01,,2017-08-11T08:01:01,,,,-1,0,-1,,,2017.08.11 08:01:01,-21.090451,-53.759649,42.50,
MS040_Christoffer_692132A_2,2017.08.11 16:00:47,,2017-08-11T16:00:47,,,,-1,0,-1,,,2017.08.11 16:00:47,-21.090483,-53.759606,37.50,
MS040_Christoffer_692132A_2,2017.08.12 00:00:48,,2017-08-12T00:00:48,,,,-1,0,-1,,,2017.08.12 00:00:48,-21.108078,-53.759542,22.50,
MS040_Christoffer_692132A_2,2017.08.12 08:00:35,,2017-08-12T08:00:35,,,,-1,0,-1,,,2017.08.12 08:00:35,-21.109988,-53.759993,8.50,
MS040_Christoffer_692132A_2,2017.08.12 16:00:39,,2017-08-12T16:00:39,,,,-1,0,-1,,,2017.08.12 16:00:39,-21.110385,-53.758759,7.50,
MS040_Christoffer_692132A_2,2017.08.13 00:00:35,,2017-08-13T00:00:35,,,,-1,0,-1,,,2017.08.13 00:00:35,-21.102328,-53.755165,8.50,
MS040_Christoffer_692132A_2,2017.08.13 08:00:49,,2017-08-13T08:00:49,,,,-1,0,-1,,,2017.08.13 08:00:49,-21.106018,-53.763630,31.50,
MS040_Christoffer_692132A_2,2017.08.13 16:00:45,,2017-08-13T16:00:45,,,,-1,0,-1,,,2017.08.13 16:00:45,-21.101491,-53.755572,9.50,
MS040_Christoffer_692132A_2,2017.08.14 00:00:46,,2017-08-14T00:00:46,,,,-1,0,-1,,,2017.08.14 00:00:46,-21.113121,-53.756441,11.50,
MS040_Christoffer_692132A_2,2017.08.14 08:00:49,,2017-08-14T08:00:49,,,,-1,0,-1,,,2017.08.14 08:00:49,-21.099517,-53.755487,12.50,
MS040_Christoffer_692132A_2,2017.08.14 16:01:00,,2017-08-14T16:01:00,,,,-1,0,-1,,,2017.08.14 16:01:00,-21.099506,-53.755454,36.50,
MS040_Christoffer_692132A_2,2017.08.15 00:01:29,,2017-08-15T00:01:29,,,,-1,0,-1,,,2017.08.15 00:01:29,-21.109065,-53.754092,94.50,
MS040_Christoffer_692132A_2,2017.08.15 08:00:35,,2017-08-15T08:00:35,,,,-1,0,-1,,,2017.08.15 08:00:35,-21.111823,-53.767664,9.50,
MS040_Christoffer_692132A_2,2017.08.15 16:00:47,,2017-08-15T16:00:47,,,,-1,0,-1,,,2017.08.15 16:00:47,-21.109141,-53.768865,18.50,
MS040_Christoffer_692132A_2,2017.08.16 00:00:47,,2017-08-16T00:00:47,,,,-1,0,-1,,,2017.08.16 00:00:47,-21.108808,-53.764241,12.50,
MS040_Christoffer_692132A_2,2017.08.16 16:00:36,,2017-08-16T16:00:36,,,,-1,0,-1,,,2017.08.16 16:00:36,-21.107070,-53.757890,8.50,
MS040_Christoffer_692132A_2,2017.08.17 00:01:34,,2017-08-17T00:01:34,,,,-1,0,-1,,,2017.08.17 00:01:34,-21.107885,-53.760411,40.50,
MS040_Christoffer_692132A_2,2017.08.17 08:00:38,,2017-08-17T08:00:38,,,,-1,0,-1,,,2017.08.17 08:00:38,-21.104785,-53.759714,9.50,
MS040_Christoffer_692132A_2,2017.08.17 16:00:36,,2017-08-17T16:00:36,,,,-1,0,-1,,,2017.08.17 16:00:36,-21.104763,-53.759703,9.50,
MS040_Christoffer_692132A_2,2017.08.18 00:00:54,,2017-08-18T00:00:54,,,,-1,0,-1,,,2017.08.18 00:00:54,-21.107231,-53.760379,29.50,
MS040_Christoffer_692132A_2,2017.08.18 08:00:34,,2017-08-18T08:00:34,,,,-1,0,-1,,,2017.08.18 08:00:34,-21.111254,-53.762289,9.50,
MS040_Christoffer_692132A_2,2017.08.18 16:00:46,,2017-08-18T16:00:46,,,,-1,0,-1,,,2017.08.18 16:00:46,-21.111265,-53.762246,41.50,
MS040_Christoffer_692132A_2,2017.08.19 00:01:00,,2017-08-19T00:01:00,,,,-1,0,-1,,,2017.08.19 00:01:00,-21.106201,-53.760733,35.50,
MS040_Christoffer_692132A_2,2017.08.19 08:00:34,,2017-08-19T08:00:34,,,,-1,0,-1,,,2017.08.19 08:00:34,-21.104785,-53.759714,8.50,
MS040_Christoffer_692132A_2,2017.08.19 16:00:46,,2017-08-19T16:00:46,,,,-1,0,-1,,,2017.08.19 16:00:46,-21.104785,-53.759692,28.50,
MS040_Christoffer_692132A_2,2017.08.20 00:00:48,,2017-08-20T00:00:48,,,,-1,0,-1,,,2017.08.20 00:00:48,-21.106040,-53.758201,61.50,
MS040_Christoffer_692132A_2,2017.08.20 08:01:01,,2017-08-20T08:01:01,,,,-1,0,-1,,,2017.08.20 08:01:01,-21.092243,-53.759381,26.50,
MS040_Christoffer_692132A_2,2017.08.20 16:00:35,,2017-08-20T16:00:35,,,,-1,0,-1,,,2017.08.20 16:00:35,-21.092243,-53.759370,9.50,
MS040_Christoffer_692132A_2,2017.08.21 00:00:41,,2017-08-21T00:00:41,,,,-1,0,-1,,,2017.08.21 00:00:41,-21.106458,-53.761699,9.50,
MS040_Christoffer_692132A_2,2017.08.21 08:00:35,,2017-08-21T08:00:35,,,,-1,0,-1,,,2017.08.21 08:00:35,-21.108486,-53.755508,8.50,
MS040_Christoffer_692132A_2,2017.08.21 16:00:38,,2017-08-21T16:00:38,,,,-1,0,-1,,,2017.08.21 16:00:38,-21.108583,-53.755347,9.50,
MS040_Christoffer_692132A_2,2017.08.22 00:00:35,,2017-08-22T00:00:35,,,,-1,0,-1,,,2017.08.22 00:00:35,-21.095987,-53.761162,8.50,
MS040_Christoffer_692132A_2,2017.08.22 08:00:33,,2017-08-22T08:00:33,,,,-1,0,-1,,,2017.08.22 08:00:33,-21.096008,-53.761194,9.50,
MS040_Christoffer_692132A_2,2017.08.22 16:00:35,,2017-08-22T16:00:35,,,,-1,0,-1,,,2017.08.22 16:00:35,-21.096008,-53.761184,9.50,
MS040_Christoffer_692132A_2,2017.08.23 00:01:01,,2017-08-23T00:01:01,,,,-1,0,-1,,,2017.08.23 00:01:01,-21.110310,-53.761774,18.50,
MS040_Christoffer_692132A_2,2017.08.23 08:00:32,,2017-08-23T08:00:32,,,,-1,0,-1,,,2017.08.23 08:00:32,-21.108465,-53.755519,9.50,
MS040_Christoffer_692132A_2,2017.08.23 16:00:47,,2017-08-23T16:00:47,,,,-1,0,-1,,,2017.08.23 16:00:47,-21.108400,-53.755369,14.50,
MS040_Christoffer_692132A_2,2017.08.24 00:00:48,,2017-08-24T00:00:48,,,,-1,0,-1,,,2017.08.24 00:00:48,-21.104055,-53.754779,32.50,
MS040_Christoffer_692132A_2,2017.08.24 08:00:36,,2017-08-24T08:00:36,,,,-1,0,-1,,,2017.08.24 08:00:36,-21.105482,-53.759499,9.50,
MS040_Christoffer_692132A_2,2017.08.24 16:01:01,,2017-08-24T16:01:01,,,,-1,0,-1,,,2017.08.24 16:01:01,-21.106104,-53.759928,35.50,
MS040_Christoffer_692132A_2,2017.08.25 00:02:48,,2017-08-25T00:02:48,,,,-1,0,-1,,,2017.08.25 00:02:48,-21.109816,-53.757600,4.50,
MS040_Christoffer_692132A_2,2017.08.25 08:00:50,,2017-08-25T08:00:50,,,,-1,0,-1,,,2017.08.25 08:00:50,-21.110954,-53.758973,21.50,
MS040_Christoffer_692132A_2,2017.08.25 16:00:34,,2017-08-25T16:00:34,,,,-1,0,-1,,,2017.08.25 16:00:34,-21.110943,-53.758984,8.50,
MS040_Christoffer_692132A_2,2017.08.26 00:00:49,,2017-08-26T00:00:49,,,,-1,0,-1,,,2017.08.26 00:00:49,-21.113132,-53.758233,94.50,
MS040_Christoffer_692132A_2,2017.08.26 08:00:55,,2017-08-26T08:00:55,,,,-1,0,-1,,,2017.08.26 08:00:55,-21.109548,-53.774348,13.50,
MS040_Christoffer_692132A_2,2017.08.26 16:01:02,,2017-08-26T16:01:02,,,,-1,0,-1,,,2017.08.26 16:01:02,-21.107660,-53.768168,8.50,
MS040_Christoffer_692132A_2,2017.08.27 00:00:55,,2017-08-27T00:00:55,,,,-1,0,-1,,,2017.08.27 00:00:55,-21.108164,-53.760132,17.50,
MS040_Christoffer_692132A_2,2017.08.27 08:00:59,,2017-08-27T08:00:59,,,,-1,0,-1,,,2017.08.27 08:00:59,-21.104870,-53.759714,82.50,
MS040_Christoffer_692132A_2,2017.08.27 16:00:47,,2017-08-27T16:00:47,,,,-1,0,-1,,,2017.08.27 16:00:47,-21.104849,-53.759703,20.50,
MS040_Christoffer_692132A_2,2017.08.28 00:02:24,,2017-08-28T00:02:24,,,,-1,0,-1,,,2017.08.28 00:02:24,-21.100139,-53.754478,29.50,
MS040_Christoffer_692132A_2,2017.08.28 08:00:34,,2017-08-28T08:00:34,,,,-1,0,-1,,,2017.08.28 08:00:34,-21.092253,-53.759370,7.50,
MS040_Christoffer_692132A_2,2017.08.28 16:00:47,,2017-08-28T16:00:47,,,,-1,0,-1,,,2017.08.28 16:00:47,-21.092286,-53.759381,10.50,
MS040_Christoffer_692132A_2,2017.08.29 00:00:48,,2017-08-29T00:00:48,,,,-1,0,-1,,,2017.08.29 00:00:48,-21.087747,-53.760100,16.50,
MS040_Christoffer_692132A_2,2017.08.29 08:00:54,,2017-08-29T08:00:54,,,,-1,0,-1,,,2017.08.29 08:00:54,-21.089925,-53.760636,46.50,
MS040_Christoffer_692132A_2,2017.08.29 16:00:36,,2017-08-29T16:00:36,,,,-1,0,-1,,,2017.08.29 16:00:36,-21.089914,-53.760583,9.50,
MS040_Christoffer_692132A_2,2017.08.30 00:00:49,,2017-08-30T00:00:49,,,,-1,0,-1,,,2017.08.30 00:00:49,-21.089378,-53.763823,27.50,
MS040_Christoffer_692132A_2,2017.08.30 08:00:50,,2017-08-30T08:00:50,,,,-1,0,-1,,,2017.08.30 08:00:50,-21.092264,-53.759392,31.50,
MS040_Christoffer_692132A_2,2017.08.30 16:00:35,,2017-08-30T16:00:35,,,,-1,0,-1,,,2017.08.30 16:00:35,-21.092264,-53.759381,7.50,
MS040_Christoffer_692132A_2,2017.08.31 00:01:01,,2017-08-31T00:01:01,,,,-1,0,-1,,,2017.08.31 00:01:01,-21.099967,-53.756517,25.50,
MS040_Christoffer_692132A_2,2017.08.31 08:00:47,,2017-08-31T08:00:47,,,,-1,0,-1,,,2017.08.31 08:00:47,-21.108486,-53.756935,10.50,
MS040_Christoffer_692132A_2,2017.08.31 16:00:43,,2017-08-31T16:00:43,,,,-1,0,-1,,,2017.08.31 16:00:43,-21.102499,-53.755465,9.50,
MS040_Christoffer_692132A_2,2017.09.01 00:01:01,,2017-09-01T00:01:01,,,,-1,0,-1,,,2017.09.01 00:01:01,-21.110278,-53.757214,35.50,
MS040_Christoffer_692132A_2,2017.09.01 08:00:33,,2017-09-01T08:00:33,,,,-1,0,-1,,,2017.09.01 08:00:33,-21.109001,-53.757579,9.50,
MS040_Christoffer_692132A_2,2017.09.01 16:00:33,,2017-09-01T16:00:33,,,,-1,0,-1,,,2017.09.01 16:00:33,-21.109001,-53.757600,4.50,
MS040_Christoffer_692132A_2,2017.09.02 00:01:00,,2017-09-02T00:01:00,,,,-1,0,-1,,,2017.09.02 00:01:00,-21.110771,-53.758512,30.50,
MS040_Christoffer_692132A_2,2017.09.02 08:00:36,,2017-09-02T08:00:36,,,,-1,0,-1,,,2017.09.02 08:00:36,-21.099334,-53.767009,8.50,
MS040_Christoffer_692132A_2,2017.09.02 16:00:48,,2017-09-02T16:00:48,,,,-1,0,-1,,,2017.09.02 16:00:48,-21.099345,-53.767009,24.50,
MS040_Christoffer_692132A_2,2017.09.03 00:01:25,,2017-09-03T00:01:25,,,,-1,0,-1,,,2017.09.03 00:01:25,-21.087050,-53.761259,28.50,
MS040_Christoffer_692132A_2,2017.09.03 08:00:50,,2017-09-03T08:00:50,,,,-1,0,-1,,,2017.09.03 08:00:50,-21.100815,-53.761613,43.50,
MS040_Christoffer_692132A_2,2017.09.03 16:00:46,,2017-09-03T16:00:46,,,,-1,0,-1,,,2017.09.03 16:00:46,-21.099517,-53.755465,11.50,
MS040_Christoffer_692132A_2,2017.09.04 00:01:49,,2017-09-04T00:01:49,,,,-1,0,-1,,,2017.09.04 00:01:49,-21.100504,-53.751345,32.50,
MS040_Christoffer_692132A_2,2017.09.04 08:00:46,,2017-09-04T08:00:46,,,,-1,0,-1,,,2017.09.04 08:00:46,-21.109033,-53.757579,11.50,
MS040_Christoffer_692132A_2,2017.09.04 16:01:01,,2017-09-04T16:01:01,,,,-1,0,-1,,,2017.09.04 16:01:01,-21.108990,-53.757611,39.50,
MS040_Christoffer_692132A_2,2017.09.05 00:00:54,,2017-09-05T00:00:54,,,,-1,0,-1,,,2017.09.05 00:00:54,-21.110149,-53.758619,50.50,
MS040_Christoffer_692132A_2,2017.09.05 08:00:45,,2017-09-05T08:00:45,,,,-1,0,-1,,,2017.09.05 08:00:45,-21.099527,-53.755530,9.50,
MS040_Christoffer_692132A_2,2017.09.05 16:00:46,,2017-09-05T16:00:46,,,,-1,0,-1,,,2017.09.05 16:00:46,-21.099560,-53.755476,9.50,
MS040_Christoffer_692132A_2,2017.09.06 00:01:19,,2017-09-06T00:01:19,,,,-1,0,-1,,,2017.09.06 00:01:19,-21.098873,-53.753652,26.50,
MS040_Christoffer_692132A_2,2017.09.06 08:00:48,,2017-09-06T08:00:48,,,,-1,0,-1,,,2017.09.06 08:00:48,-21.101555,-53.768865,29.50,
MS040_Christoffer_692132A_2,2017.09.07 00:00:48,,2017-09-07T00:00:48,,,,-1,0,-1,,,2017.09.07 00:00:48,-21.107553,-53.768340,31.50,
MS040_Christoffer_692132A_2,2017.09.07 08:00:36,,2017-09-07T08:00:36,,,,-1,0,-1,,,2017.09.07 08:00:36,-21.099538,-53.755433,9.50,
MS040_Christoffer_692132A_2,2017.09.07 16:01:31,,2017-09-07T16:01:31,,,,-1,0,-1,,,2017.09.07 16:01:31,-21.099731,-53.755465,36.50,
MS040_Christoffer_692132A_2,2017.09.08 00:00:37,,2017-09-08T00:00:37,,,,-1,0,-1,,,2017.09.08 00:00:37,-21.099399,-53.751817,5.50,
MS040_Christoffer_692132A_2,2017.09.08 08:00:38,,2017-09-08T08:00:38,,,,-1,0,-1,,,2017.09.08 08:00:38,-21.099517,-53.755508,9.50,
MS040_Christoffer_692132A_2,2017.09.08 16:00:55,,2017-09-08T16:00:55,,,,-1,0,-1,,,2017.09.08 16:00:55,-21.099656,-53.755487,21.50,
MS040_Christoffer_692132A_2,2017.09.09 00:01:01,,2017-09-09T00:01:01,,,,-1,0,-1,,,2017.09.09 00:01:01,-21.102564,-53.760647,16.50,
MS040_Christoffer_692132A_2,2017.09.09 08:01:19,,2017-09-09T08:01:19,,,,-1,0,-1,,,2017.09.09 08:01:19,-21.099957,-53.767481,32.50,
MS040_Christoffer_692132A_2,2017.09.09 16:00:46,,2017-09-09T16:00:46,,,,-1,0,-1,,,2017.09.09 16:00:46,-21.099946,-53.767514,11.50,
MS040_Christoffer_692132A_2,2017.09.10 00:01:00,,2017-09-10T00:01:00,,,,-1,0,-1,,,2017.09.10 00:01:00,-21.098025,-53.768629,47.50,
MS040_Christoffer_692132A_2,2017.09.10 08:00:47,,2017-09-10T08:00:47,,,,-1,0,-1,,,2017.09.10 08:00:47,-21.103690,-53.758394,8.50,
MS040_Christoffer_692132A_2,2017.09.10 16:00:35,,2017-09-10T16:00:35,,,,-1,0,-1,,,2017.09.10 16:00:35,-21.102263,-53.755057,9.50,
MS040_Christoffer_692132A_2,2017.09.11 00:00:49,,2017-09-11T00:00:49,,,,-1,0,-1,,,2017.09.11 00:00:49,-21.108389,-53.755229,12.50,
MS040_Christoffer_692132A_2,2017.09.11 08:00:39,,2017-09-11T08:00:39,,,,-1,0,-1,,,2017.09.11 08:00:39,-21.099517,-53.755412,9.50,
MS040_Christoffer_692132A_2,2017.09.11 16:00:46,,2017-09-11T16:00:46,,,,-1,0,-1,,,2017.09.11 16:00:46,-21.099560,-53.755422,14.50,
MS040_Christoffer_692132A_2,2017.09.12 00:02:49,,2017-09-12T00:02:49,,,,-1,0,-1,,,2017.09.12 00:02:49,-21.099892,-53.753566,45.50,
MS040_Christoffer_692132A_2,2017.09.12 08:00:55,,2017-09-12T08:00:55,,,,-1,0,-1,,,2017.09.12 08:00:55,-21.101566,-53.768919,23.50,
MS040_Christoffer_692132A_2,2017.09.12 16:00:36,,2017-09-12T16:00:36,,,,-1,0,-1,,,2017.09.12 16:00:36,-21.101609,-53.768887,9.50,
MS040_Christoffer_692132A_2,2017.09.13 00:01:02,,2017-09-13T00:01:02,,,,-1,0,-1,,,2017.09.13 00:01:02,-21.104377,-53.769466,12.50,
MS040_Christoffer_692132A_2,2017.09.13 08:00:46,,2017-09-13T08:00:46,,,,-1,0,-1,,,2017.09.13 08:00:46,-21.103250,-53.758523,19.50,
MS040_Christoffer_692132A_2,2017.09.13 16:00:47,,2017-09-13T16:00:47,,,,-1,0,-1,,,2017.09.13 16:00:47,-21.099560,-53.755336,27.50,
MS040_Christoffer_692132A_2,2017.09.14 00:02:49,,2017-09-14T00:02:49,,,,-1,0,-1,,,2017.09.14 00:02:49,-21.098723,-53.753330,21.50,
MS040_Christoffer_692132A_2,2017.09.14 08:00:36,,2017-09-14T08:00:36,,,,-1,0,-1,,,2017.09.14 08:00:36,-21.113850,-53.757311,8.50,
MS040_Christoffer_692132A_2,2017.09.14 16:03:00,,2017-09-14T16:03:00,,,,-1,0,-1,,,2017.09.14 16:03:00,-21.116329,-53.758201,21.50,
MS040_Christoffer_692132A_2,2017.09.15 00:01:00,,2017-09-15T00:01:00,,,,-1,0,-1,,,2017.09.15 00:01:00,-21.115910,-53.760304,13.50,
MS040_Christoffer_692132A_2,2017.09.15 08:00:35,,2017-09-15T08:00:35,,,,-1,0,-1,,,2017.09.15 08:00:35,-21.102832,-53.755304,9.50,
MS040_Christoffer_692132A_2,2017.09.15 16:00:32,,2017-09-15T16:00:32,,,,-1,0,-1,,,2017.09.15 16:00:32,-21.099527,-53.755401,8.50,
MS040_Christoffer_692132A_2,2017.09.16 00:02:05,,2017-09-16T00:02:05,,,,-1,0,-1,,,2017.09.16 00:02:05,-21.099678,-53.751635,86.50,
MS040_Christoffer_692132A_2,2017.09.16 08:00:43,,2017-09-16T08:00:43,,,,-1,0,-1,,,2017.09.16 08:00:43,-21.102725,-53.769380,8.50,
MS040_Christoffer_692132A_2,2017.09.16 16:00:36,,2017-09-16T16:00:36,,,,-1,0,-1,,,2017.09.16 16:00:36,-21.101566,-53.768898,9.50,
MS040_Christoffer_692132A_2,2017.09.17 00:00:34,,2017-09-17T00:00:34,,,,-1,0,-1,,,2017.09.17 00:00:34,-21.101598,-53.768876,8.50,
MS040_Christoffer_692132A_2,2017.09.17 08:01:25,,2017-09-17T08:01:25,,,,-1,0,-1,,,2017.09.17 08:01:25,-21.097907,-53.752837,31.50,
MS040_Christoffer_692132A_2,2017.09.17 16:00:35,,2017-09-17T16:00:35,,,,-1,0,-1,,,2017.09.17 16:00:35,-21.094077,-53.753427,8.50,
MS040_Christoffer_692132A_2,2017.09.18 00:00:38,,2017-09-18T00:00:38,,,,-1,0,-1,,,2017.09.18 00:00:38,-21.103926,-53.758577,9.50,
MS040_Christoffer_692132A_2,2017.09.18 08:00:33,,2017-09-18T08:00:33,,,,-1,0,-1,,,2017.09.18 08:00:33,-21.111297,-53.768747,9.50,
MS040_Christoffer_692132A_2,2017.09.18 16:00:36,,2017-09-18T16:00:36,,,,-1,0,-1,,,2017.09.18 16:00:36,-21.111297,-53.768737,9.50,
MS040_Christoffer_692132A_2,2017.09.19 00:00:32,,2017-09-19T00:00:32,,,,-1,0,-1,,,2017.09.19 00:00:32,-21.108368,-53.766795,8.50,
MS040_Christoffer_692132A_2,2017.09.19 08:00:35,,2017-09-19T08:00:35,,,,-1,0,-1,,,2017.09.19 08:00:35,-21.102789,-53.771451,9.50,
MS040_Christoffer_692132A_2,2017.09.19 16:02:05,,2017-09-19T16:02:05,,,,-1,0,-1,,,2017.09.19 16:02:05,-21.102843,-53.771451,56.50,
MS040_Christoffer_692132A_2,2017.09.20 08:01:48,,2017-09-20T08:01:48,,,,-1,0,-1,,,2017.09.20 08:01:48,-21.116415,-53.758255,30.50,
MS040_Christoffer_692132A_2,2017.09.20 16:01:00,,2017-09-20T16:01:00,,,,-1,0,-1,,,2017.09.20 16:01:00,-21.116597,-53.758212,36.50,
MS040_Christoffer_692132A_2,2017.09.21 00:00:11,,2017-09-21T00:00:11,,,,-1,0,-1,,,2017.09.21 00:00:11,-21.116458,-53.758308,8.50,
MS040_Christoffer_692132A_2,2017.09.21 08:00:36,,2017-09-21T08:00:36,,,,-1,0,-1,,,2017.09.21 08:00:36,-21.112660,-53.762836,9.50,
MS040_Christoffer_692132A_2,2017.09.21 16:00:34,,2017-09-21T16:00:34,,,,-1,0,-1,,,2017.09.21 16:00:34,-21.110685,-53.763919,9.50,
MS040_Christoffer_692132A_2,2017.09.22 00:00:35,,2017-09-22T00:00:35,,,,-1,0,-1,,,2017.09.22 00:00:35,-21.110718,-53.763941,8.50,
MS040_Christoffer_692132A_2,2017.09.22 08:00:53,,2017-09-22T08:00:53,,,,-1,0,-1,,,2017.09.22 08:00:53,-21.100418,-53.765336,42.50,
MS040_Christoffer_692132A_2,2017.09.22 16:00:46,,2017-09-22T16:00:46,,,,-1,0,-1,,,2017.09.22 16:00:46,-21.100225,-53.756130,43.50,
MS040_Christoffer_692132A_2,2017.09.23 00:00:33,,2017-09-23T00:00:33,,,,-1,0,-1,,,2017.09.23 00:00:33,-21.110331,-53.757192,9.50,
MS040_Christoffer_692132A_2,2017.09.23 08:01:49,,2017-09-23T08:01:49,,,,-1,0,-1,,,2017.09.23 08:01:49,-21.113432,-53.756184,12.50,
MS040_Christoffer_692132A_2,2017.09.23 16:00:54,,2017-09-23T16:00:54,,,,-1,0,-1,,,2017.09.23 16:00:54,-21.116543,-53.758287,13.50,
MS040_Christoffer_692132A_2,2017.09.24 00:01:05,,2017-09-24T00:01:05,,,,-1,0,-1,,,2017.09.24 00:01:05,-21.116543,-53.758265,85.50,
MS040_Christoffer_692132A_2,2017.09.24 08:00:47,,2017-09-24T08:00:47,,,,-1,0,-1,,,2017.09.24 08:00:47,-21.108679,-53.761087,10.50,
MS040_Christoffer_692132A_2,2017.09.24 16:00:46,,2017-09-24T16:00:46,,,,-1,0,-1,,,2017.09.24 16:00:46,-21.102542,-53.755433,39.50,
MS040_Christoffer_692132A_2,2017.09.25 00:00:40,,2017-09-25T00:00:40,,,,-1,0,-1,,,2017.09.25 00:00:40,-21.102478,-53.755369,9.50,
MS040_Christoffer_692132A_2,2017.09.25 08:01:00,,2017-09-25T08:01:00,,,,-1,0,-1,,,2017.09.25 08:01:00,-21.113818,-53.761870,24.50,
MS040_Christoffer_692132A_2,2017.09.25 16:03:00,,2017-09-25T16:03:00,,,,-1,0,-1,,,2017.09.25 16:03:00,-21.101598,-53.768790,61.50,
MS040_Christoffer_692132A_2,2017.09.26 00:01:31,,2017-09-26T00:01:31,,,,-1,0,-1,,,2017.09.26 00:01:31,-21.101684,-53.768812,18.50,
MS040_Christoffer_692132A_2,2017.09.26 08:00:48,,2017-09-26T08:00:48,,,,-1,0,-1,,,2017.09.26 08:00:48,-21.095762,-53.762611,12.50,
MS040_Christoffer_692132A_2,2017.09.26 16:00:39,,2017-09-26T16:00:39,,,,-1,0,-1,,,2017.09.26 16:00:39,-21.102489,-53.755465,9.50,
MS040_Christoffer_692132A_2,2017.09.27 00:00:40,,2017-09-27T00:00:40,,,,-1,0,-1,,,2017.09.27 00:00:40,-21.112617,-53.757150,9.50,
MS040_Christoffer_692132A_2,2017.09.27 08:00:50,,2017-09-27T08:00:50,,,,-1,0,-1,,,2017.09.27 08:00:50,-21.105890,-53.772503,22.50,
MS040_Christoffer_692132A_2,2017.09.27 16:00:37,,2017-09-27T16:00:37,,,,-1,0,-1,,,2017.09.27 16:00:37,-21.101587,-53.768908,9.50,
MS040_Christoffer_692132A_2,2017.09.28 00:01:25,,2017-09-28T00:01:25,,,,-1,0,-1,,,2017.09.28 00:01:25,-21.098369,-53.753201,32.50,
MS040_Christoffer_692132A_2,2017.09.28 08:00:46,,2017-09-28T08:00:46,,,,-1,0,-1,,,2017.09.28 08:00:46,-21.109570,-53.757654,6.50,
MS040_Christoffer_692132A_2,2017.09.28 16:01:00,,2017-09-28T16:01:00,,,,-1,0,-1,,,2017.09.28 16:01:00,-21.116404,-53.758330,48.50,
MS040_Christoffer_692132A_2,2017.09.29 00:00:54,,2017-09-29T00:00:54,,,,-1,0,-1,,,2017.09.29 00:00:54,-21.116511,-53.758244,15.50,
MS040_Christoffer_692132A_2,2017.09.29 08:00:35,,2017-09-29T08:00:35,,,,-1,0,-1,,,2017.09.29 08:00:35,-21.113400,-53.757396,9.50,
MS040_Christoffer_692132A_2,2017.09.29 16:00:32,,2017-09-29T16:00:32,,,,-1,0,-1,,,2017.09.29 16:00:32,-21.105171,-53.759564,9.50,
MS040_Christoffer_692132A_2,2017.09.30 00:00:48,,2017-09-30T00:00:48,,,,-1,0,-1,,,2017.09.30 00:00:48,-21.105224,-53.759510,30.50,
MS040_Christoffer_692132A_2,2017.09.30 08:00:35,,2017-09-30T08:00:35,,,,-1,0,-1,,,2017.09.30 08:00:35,-21.105182,-53.759542,9.50,
MS040_Christoffer_692132A_2,2017.09.30 16:01:31,,2017-09-30T16:01:31,,,,-1,0,-1,,,2017.09.30 16:01:31,-21.106684,-53.757740,38.50,
MS040_Christoffer_692132A_2,2017.10.01 00:00:55,,2017-10-01T00:00:55,,,,-1,0,-1,,,2017.10.01 00:00:55,-21.099034,-53.757868,20.50,
MS040_Christoffer_692132A_2,2017.10.01 08:00:47,,2017-10-01T08:00:47,,,,-1,0,-1,,,2017.10.01 08:00:47,-21.093938,-53.762900,11.50,
MS040_Christoffer_692132A_2,2017.10.01 16:00:47,,2017-10-01T16:00:47,,,,-1,0,-1,,,2017.10.01 16:00:47,-21.093948,-53.762879,25.50,
MS040_Christoffer_692132A_2,2017.10.02 00:00:46,,2017-10-02T00:00:46,,,,-1,0,-1,,,2017.10.02 00:00:46,-21.095944,-53.752751,55.50,
MS040_Christoffer_692132A_2,2017.10.02 08:00:39,,2017-10-02T08:00:39,,,,-1,0,-1,,,2017.10.02 08:00:39,-21.106823,-53.757600,9.50,
MS040_Christoffer_692132A_2,2017.10.02 16:00:36,,2017-10-02T16:00:36,,,,-1,0,-1,,,2017.10.02 16:00:36,-21.106812,-53.757632,9.50,
MS040_Christoffer_692132A_2,2017.10.03 00:01:31,,2017-10-03T00:01:31,,,,-1,0,-1,,,2017.10.03 00:01:31,-21.111705,-53.754435,32.50,
MS040_Christoffer_692132A_2,2017.10.03 08:02:30,,2017-10-03T08:02:30,,,,-1,0,-1,,,2017.10.03 08:02:30,-21.116533,-53.758351,37.50,
MS040_Christoffer_692132A_2,2017.10.03 16:01:00,,2017-10-03T16:01:00,,,,-1,0,-1,,,2017.10.03 16:01:00,-21.116425,-53.758062,66.50,
MS040_Christoffer_692132A_2,2017.10.04 00:01:00,,2017-10-04T00:01:00,,,,-1,0,-1,,,2017.10.04 00:01:00,-21.103476,-53.753899,35.50,
MS040_Christoffer_692132A_2,2017.10.04 08:02:59,,2017-10-04T08:02:59,,,,-1,0,-1,,,2017.10.04 08:02:59,-21.102725,-53.753856,49.50,
MS040_Christoffer_692132A_2,2017.10.04 16:01:54,,2017-10-04T16:01:54,,,,-1,0,-1,,,2017.10.04 16:01:54,-21.099581,-53.752128,11.50,
MS040_Christoffer_692132A_2,2017.10.05 00:00:36,,2017-10-05T00:00:36,,,,-1,0,-1,,,2017.10.05 00:00:36,-21.094539,-53.761913,9.50,
MS040_Christoffer_692132A_2,2017.10.05 08:00:34,,2017-10-05T08:00:34,,,,-1,0,-1,,,2017.10.05 08:00:34,-21.095890,-53.760765,9.50,
MS040_Christoffer_692132A_2,2017.10.05 16:00:35,,2017-10-05T16:00:35,,,,-1,0,-1,,,2017.10.05 16:00:35,-21.095901,-53.760765,9.50,
MS040_Christoffer_692132A_2,2017.10.06 00:00:55,,2017-10-06T00:00:55,,,,-1,0,-1,,,2017.10.06 00:00:55,-21.093991,-53.758051,32.50,
MS040_Christoffer_692132A_2,2017.10.06 08:00:36,,2017-10-06T08:00:36,,,,-1,0,-1,,,2017.10.06 08:00:36,-21.098294,-53.765593,8.50,
MS040_Christoffer_692132A_2,2017.10.06 16:01:31,,2017-10-06T16:01:31,,,,-1,0,-1,,,2017.10.06 16:01:31,-21.098272,-53.765497,23.50,
MS040_Christoffer_692132A_2,2017.10.07 00:00:49,,2017-10-07T00:00:49,,,,-1,0,-1,,,2017.10.07 00:00:49,-21.101716,-53.773200,12.50,
MS040_Christoffer_692132A_2,2017.10.07 08:00:48,,2017-10-07T08:00:48,,,,-1,0,-1,,,2017.10.07 08:00:48,-21.106759,-53.757611,12.50,
MS040_Christoffer_692132A_2,2017.10.07 16:01:25,,2017-10-07T16:01:25,,,,-1,0,-1,,,2017.10.07 16:01:25,-21.105697,-53.754564,35.50,
MS040_Christoffer_692132A_2,2017.10.08 00:00:46,,2017-10-08T00:00:46,,,,-1,0,-1,,,2017.10.08 00:00:46,-21.104849,-53.755369,10.50,
MS040_Christoffer_692132A_2,2017.10.08 08:00:38,,2017-10-08T08:00:38,,,,-1,0,-1,,,2017.10.08 08:00:38,-21.102757,-53.753888,9.50,
MS040_Christoffer_692132A_2,2017.10.08 16:00:46,,2017-10-08T16:00:46,,,,-1,0,-1,,,2017.10.08 16:00:46,-21.102768,-53.753888,11.50,
MS040_Christoffer_692132A_2,2017.10.09 00:00:46,,2017-10-09T00:00:46,,,,-1,0,-1,,,2017.10.09 00:00:46,-21.099270,-53.755583,17.50,
MS040_Christoffer_692132A_2,2017.10.09 08:00:34,,2017-10-09T08:00:34,,,,-1,0,-1,,,2017.10.09 08:00:34,-21.096448,-53.762332,8.50,
MS040_Christoffer_692132A_2,2017.10.09 16:00:34,,2017-10-09T16:00:34,,,,-1,0,-1,,,2017.10.09 16:00:34,-21.096126,-53.764853,9.50,
MS040_Christoffer_692132A_2,2017.10.10 00:00:55,,2017-10-10T00:00:55,,,,-1,0,-1,,,2017.10.10 00:00:55,-21.092092,-53.758898,18.50,
MS040_Christoffer_692132A_2,2017.10.10 08:00:35,,2017-10-10T08:00:35,,,,-1,0,-1,,,2017.10.10 08:00:35,-21.095858,-53.760787,8.50,
MS040_Christoffer_692132A_2,2017.10.10 16:00:33,,2017-10-10T16:00:33,,,,-1,0,-1,,,2017.10.10 16:00:33,-21.095815,-53.760765,9.50,
MS040_Christoffer_692132A_2,2017.10.11 00:00:35,,2017-10-11T00:00:35,,,,-1,0,-1,,,2017.10.11 00:00:35,-21.104012,-53.768994,9.50,
MS040_Christoffer_692132A_2,2017.10.11 08:00:45,,2017-10-11T08:00:45,,,,-1,0,-1,,,2017.10.11 08:00:45,-21.102757,-53.753877,9.50,
MS040_Christoffer_692132A_2,2017.10.11 16:00:40,,2017-10-11T16:00:40,,,,-1,0,-1,,,2017.10.11 16:00:40,-21.102757,-53.753899,9.50,
MS040_Christoffer_692132A_2,2017.10.12 00:01:01,,2017-10-12T00:01:01,,,,-1,0,-1,,,2017.10.12 00:01:01,-21.106673,-53.752654,17.50,
MS040_Christoffer_692132A_2,2017.10.12 08:00:55,,2017-10-12T08:00:55,,,,-1,0,-1,,,2017.10.12 08:00:55,-21.097811,-53.761602,24.50,
MS040_Christoffer_692132A_2,2017.10.12 16:00:49,,2017-10-12T16:00:49,,,,-1,0,-1,,,2017.10.12 16:00:49,-21.097628,-53.765668,25.50,
MS040_Christoffer_692132A_2,2017.10.13 00:00:42,,2017-10-13T00:00:42,,,,-1,0,-1,,,2017.10.13 00:00:42,-21.094174,-53.766891,9.50,
MS040_Christoffer_692132A_2,2017.10.13 08:00:54,,2017-10-13T08:00:54,,,,-1,0,-1,,,2017.10.13 08:00:54,-21.093197,-53.758416,42.50,
MS040_Christoffer_692132A_2,2017.10.13 16:00:47,,2017-10-13T16:00:47,,,,-1,0,-1,,,2017.10.13 16:00:47,-21.093562,-53.762675,20.50,
MS040_Christoffer_692132A_2,2017.10.14 08:00:32,,2017-10-14T08:00:32,,,,-1,0,-1,,,2017.10.14 08:00:32,-21.094957,-53.752890,9.50,
MS040_Christoffer_692132A_2,2017.10.14 16:00:34,,2017-10-14T16:00:34,,,,-1,0,-1,,,2017.10.14 16:00:34,-21.094946,-53.752912,9.50,
MS040_Christoffer_692132A_2,2017.10.15 00:01:19,,,,,,-1,0,-1,,,2017.10.15 00:01:19,-21.099603,-53.756130,40.50,
MS040_Christoffer_692132A_2,2017.10.15 08:00:37,,2017-10-15T08:00:37,,,,-1,0,-1,,,2017.10.15 08:00:37,-21.109462,-53.758641,9.50,
MS040_Christoffer_692132A_2,2017.10.15 16:00:48,,2017-10-15T16:00:48,,,,-1,0,-1,,,2017.10.15 16:00:48,-21.102703,-53.753588,27.50,
MS040_Christoffer_692132A_2,2017.10.16 00:00:46,,2017-10-16T00:00:46,,,,-1,0,-1,,,2017.10.16 00:00:46,-21.102746,-53.753845,29.50,
MS040_Christoffer_692132A_2,2017.10.16 08:01:19,,2017-10-16T08:01:19,,,,-1,0,-1,,,2017.10.16 08:01:19,-21.105514,-53.767696,23.50,
MS040_Christoffer_692132A_2,2017.10.17 00:00:49,,2017-10-17T00:00:49,,,,-1,0,-1,,,2017.10.17 00:00:49,-21.101652,-53.768833,15.50,
MS040_Christoffer_692132A_2,2017.10.17 08:00:42,,2017-10-17T08:00:42,,,,-1,0,-1,,,2017.10.17 08:00:42,-21.107252,-53.754907,6.50,
MS040_Christoffer_692132A_2,2017.10.17 16:00:38,,2017-10-17T16:00:38,,,,-1,0,-1,,,2017.10.17 16:00:38,-21.098487,-53.758147,9.50,
MS040_Christoffer_692132A_2,2017.10.18 00:00:46,,2017-10-18T00:00:46,,,,-1,0,-1,,,2017.10.18 00:00:46,-21.099377,-53.757986,37.50,
MS040_Christoffer_692132A_2,2017.10.18 08:00:48,,2017-10-18T08:00:48,,,,-1,0,-1,,,2017.10.18 08:00:48,-21.104087,-53.770346,26.50,
MS040_Christoffer_692132A_2,2017.10.18 16:00:34,,2017-10-18T16:00:34,,,,-1,0,-1,,,2017.10.18 16:00:34,-21.099967,-53.767481,8.50,
MS040_Christoffer_692132A_2,2017.10.19 00:00:32,,2017-10-19T00:00:32,,,,-1,0,-1,,,2017.10.19 00:00:32,-21.100000,-53.766902,9.50,
MS040_Christoffer_692132A_2,2017.10.19 08:00:39,,2017-10-19T08:00:39,,,,-1,0,-1,,,2017.10.19 08:00:39,-21.113432,-53.757278,9.50,
MS040_Christoffer_692132A_2,2017.10.19 16:01:00,,2017-10-19T16:01:00,,,,-1,0,-1,,,2017.10.19 16:01:00,-21.099989,-53.767492,36.50,
MS040_Christoffer_692132A_2,2017.10.20 00:00:51,,2017-10-20T00:00:51,,,,-1,0,-1,,,2017.10.20 00:00:51,-21.099957,-53.767471,23.50,
MS040_Christoffer_692132A_2,2017.10.20 08:01:01,,2017-10-20T08:01:01,,,,-1,0,-1,,,2017.10.20 08:01:01,-21.106576,-53.759564,22.50,
MS040_Christoffer_692132A_2,2017.10.20 16:00:36,,2017-10-20T16:00:36,,,,-1,0,-1,,,2017.10.20 16:00:36,-21.100257,-53.756141,9.50,
MS040_Christoffer_692132A_2,2017.10.21 00:00:47,,2017-10-21T00:00:47,,,,-1,0,-1,,,2017.10.21 00:00:47,-21.099978,-53.756291,9.50,
MS040_Christoffer_692132A_2,2017.10.21 08:01:30,,2017-10-21T08:01:30,,,,-1,0,-1,,,2017.10.21 08:01:30,-21.094667,-53.764392,10.50,
MS040_Christoffer_692132A_2,2017.10.21 16:00:47,,2017-10-21T16:00:47,,,,-1,0,-1,,,2017.10.21 16:00:47,-21.097704,-53.765690,11.50,
MS040_Christoffer_692132A_2,2017.10.22 08:00:47,,2017-10-22T08:00:47,,,,-1,0,-1,,,2017.10.22 08:00:47,-21.105031,-53.767363,24.50,
MS040_Christoffer_692132A_2,2017.10.22 16:00:39,,2017-10-22T16:00:39,,,,-1,0,-1,,,2017.10.22 16:00:39,-21.102757,-53.753899,9.50,
MS040_Christoffer_692132A_2,2017.10.23 00:00:48,,2017-10-23T00:00:48,,,,-1,0,-1,,,2017.10.23 00:00:48,-21.102811,-53.753813,15.50,
MS040_Christoffer_692132A_2,2017.10.23 08:00:48,,2017-10-23T08:00:48,,,,-1,0,-1,,,2017.10.23 08:00:48,-21.102049,-53.756399,16.50,
MS040_Christoffer_692132A_2,2017.10.23 16:00:47,,2017-10-23T16:00:47,,,,-1,0,-1,,,2017.10.23 16:00:47,-21.099989,-53.756281,10.50,
MS040_Christoffer_692132A_2,2017.10.24 00:00:36,,2017-10-24T00:00:36,,,,-1,0,-1,,,2017.10.24 00:00:36,-21.104227,-53.755658,9.50,
MS040_Christoffer_692132A_2,2017.10.24 08:00:35,,2017-10-24T08:00:35,,,,-1,0,-1,,,2017.10.24 08:00:35,-21.102757,-53.753899,8.50,
MS040_Christoffer_692132A_2,2017.10.25 00:00:34,,2017-10-25T00:00:34,,,,-1,0,-1,,,2017.10.25 00:00:34,-21.094710,-53.767031,7.50,
MS040_Christoffer_692132A_2,2017.10.25 08:00:43,,2017-10-25T08:00:43,,,,-1,0,-1,,,2017.10.25 08:00:43,-21.092822,-53.758544,5.50,
MS040_Christoffer_692132A_2,2017.10.25 16:00:41,,2017-10-25T16:00:41,,,,-1,0,-1,,,2017.10.25 16:00:41,-21.091610,-53.758770,9.50,
MS040_Christoffer_692132A_2,2017.10.26 00:00:41,,2017-10-26T00:00:41,,,,-1,0,-1,,,2017.10.26 00:00:41,-21.094131,-53.763340,10.50,
MS040_Christoffer_692132A_2,2017.10.26 08:00:48,,2017-10-26T08:00:48,,,,-1,0,-1,,,2017.10.26 08:00:48,-21.110653,-53.762965,13.50,
MS040_Christoffer_692132A_2,2017.10.26 16:01:31,,2017-10-26T16:01:31,,,,-1,0,-1,,,2017.10.26 16:01:31,-21.116897,-53.760315,26.50,
MS040_Christoffer_692132A_2,2017.10.27 00:01:01,,2017-10-27T00:01:01,,,,-1,0,-1,,,2017.10.27 00:01:01,-21.111147,-53.758233,49.50,
MS040_Christoffer_692132A_2,2017.10.27 08:00:47,,2017-10-27T08:00:47,,,,-1,0,-1,,,2017.10.27 08:00:47,-21.110278,-53.768662,14.50,
MS040_Christoffer_692132A_2,2017.10.28 00:01:48,,2017-10-28T00:01:48,,,,-1,0,-1,,,2017.10.28 00:01:48,-21.095762,-53.763480,35.50,
MS040_Christoffer_692132A_2,2017.10.28 08:00:36,,2017-10-28T08:00:36,,,,-1,0,-1,,,2017.10.28 08:00:36,-21.109752,-53.763480,9.50,
MS040_Christoffer_692132A_2,2017.10.28 16:01:00,,2017-10-28T16:01:00,,,,-1,0,-1,,,2017.10.28 16:01:00,-21.100225,-53.751474,23.50,
MS040_Christoffer_692132A_2,2017.10.29 00:00:38,,2017-10-29T00:00:38,,,,-1,0,-1,,,2017.10.29 00:00:38,-21.096674,-53.766065,9.50,
MS040_Christoffer_692132A_2,2017.10.29 08:00:46,,2017-10-29T08:00:46,,,,-1,0,-1,,,2017.10.29 08:00:46,-21.086857,-53.761645,11.50,
MS040_Christoffer_692132A_2,2017.10.29 16:00:46,,2017-10-29T16:00:46,,,,-1,0,-1,,,2017.10.29 16:00:46,-21.086867,-53.761666,11.50,
MS040_Christoffer_692132A_2,2017.10.30 00:00:38,,2017-10-30T00:00:38,,,,-1,0,-1,,,2017.10.30 00:00:38,-21.094142,-53.765604,9.50,
MS040_Christoffer_692132A_2,2017.10.30 08:01:01,,2017-10-30T08:01:01,,,,-1,0,-1,,,2017.10.30 08:01:01,-21.105825,-53.762890,14.50,
MS040_Christoffer_692132A_2,2017.10.30 16:00:50,,2017-10-30T16:00:50,,,,-1,0,-1,,,2017.10.30 16:00:50,-21.102478,-53.755454,41.50,
MS040_Christoffer_692132A_2,2017.10.31 00:01:01,,2017-10-31T00:01:01,,,,-1,0,-1,,,2017.10.31 00:01:01,-21.108239,-53.758265,17.50,
MS040_Christoffer_692132A_2,2017.10.31 08:00:35,,2017-10-31T08:00:35,,,,-1,0,-1,,,2017.10.31 08:00:35,-21.110525,-53.762428,9.50,
MS040_Christoffer_692132A_2,2017.10.31 16:00:47,,2017-10-31T16:00:47,,,,-1,0,-1,,,2017.10.31 16:00:47,-21.110514,-53.762407,18.50,
MS040_Christoffer_692132A_2,2017.11.01 00:00:47,,2017-11-01T00:00:47,,,,-1,0,-1,,,2017.11.01 00:00:47,-21.108422,-53.760926,26.50,
MS040_Christoffer_692132A_2,2017.11.01 08:00:43,,2017-11-01T08:00:43,,,,-1,0,-1,,,2017.11.01 08:00:43,-21.103379,-53.760347,8.50,
MS040_Christoffer_692132A_2,2017.11.01 16:00:46,,2017-11-01T16:00:46,,,,-1,0,-1,,,2017.11.01 16:00:46,-21.102521,-53.755465,9.50,
MS040_Christoffer_692132A_2,2017.11.02 00:01:30,,2017-11-02T00:01:30,,,,-1,0,-1,,,2017.11.02 00:01:30,-21.102489,-53.755454,14.50,
MS040_Christoffer_692132A_2,2017.11.02 08:00:54,,2017-11-02T08:00:54,,,,-1,0,-1,,,2017.11.02 08:00:54,-21.096523,-53.750240,39.50,
MS040_Christoffer_692132A_2,2017.11.02 16:00:47,,2017-11-02T16:00:47,,,,-1,0,-1,,,2017.11.02 16:00:47,-21.095021,-53.752933,19.50,
MS040_Christoffer_692132A_2,2017.11.03 00:01:00,,2017-11-03T00:01:00,,,,-1,0,-1,,,2017.11.03 00:01:00,-21.093412,-53.753684,21.50,
MS040_Christoffer_692132A_2,2017.11.03 08:01:01,,2017-11-03T08:01:01,,,,-1,0,-1,,,2017.11.03 08:01:01,-21.091020,-53.764295,31.50,
MS040_Christoffer_692132A_2,2017.11.03 16:00:47,,2017-11-03T16:00:47,,,,-1,0,-1,,,2017.11.03 16:00:47,-21.090451,-53.763286,10.50,
MS040_Christoffer_692132A_2,2017.11.04 00:01:01,,2017-11-04T00:01:01,,,,-1,0,-1,,,2017.11.04 00:01:01,-21.090483,-53.763201,47.50,
MS040_Christoffer_692132A_2,2017.11.04 08:01:01,,2017-11-04T08:01:01,,,,-1,0,-1,,,2017.11.04 08:01:01,-21.108733,-53.764767,20.50,
MS040_Christoffer_692132A_2,2017.11.04 16:02:54,,2017-11-04T16:02:54,,,,-1,0,-1,,,2017.11.04 16:02:54,-21.099946,-53.767471,53.50,
MS040_Christoffer_692132A_2,2017.11.05 00:00:48,,2017-11-05T00:00:48,,,,-1,0,-1,,,2017.11.05 00:00:48,-21.109291,-53.765411,41.50,
MS040_Christoffer_692132A_2,2017.11.05 08:00:42,,2017-11-05T08:00:42,,,,-1,0,-1,,,2017.11.05 08:00:42,-21.107102,-53.763533,9.50,
MS040_Christoffer_692132A_2,2017.11.05 16:00:36,,2017-11-05T16:00:36,,,,-1,0,-1,,,2017.11.05 16:00:36,-21.108894,-53.764789,8.50,
MS040_Christoffer_692132A_2,2017.11.06 00:00:37,,2017-11-06T00:00:37,,,,-1,0,-1,,,2017.11.06 00:00:37,-21.108583,-53.764992,9.50,
MS040_Christoffer_692132A_2,2017.11.06 08:01:12,,2017-11-06T08:01:12,,,,-1,0,-1,,,2017.11.06 08:01:12,-21.117681,-53.764402,99.50,
MS040_Christoffer_692132A_2,2017.11.06 16:01:31,,2017-11-06T16:01:31,,,,-1,0,-1,,,2017.11.06 16:01:31,-21.121178,-53.760937,34.50,
MS040_Christoffer_692132A_2,2017.11.07 00:00:38,,2017-11-07T00:00:38,,,,-1,0,-1,,,2017.11.07 00:00:38,-21.122723,-53.759961,8.50,
MS040_Christoffer_692132A_2,2017.11.07 08:01:05,,2017-11-07T08:01:05,,,,-1,0,-1,,,2017.11.07 08:01:05,-21.119279,-53.770604,80.50,
MS040_Christoffer_692132A_2,2017.11.07 16:00:35,,2017-11-07T16:00:35,,,,-1,0,-1,,,2017.11.07 16:00:35,-21.116114,-53.768833,8.50,
MS040_Christoffer_692132A_2,2017.11.08 00:00:48,,2017-11-08T00:00:48,,,,-1,0,-1,,,2017.11.08 00:00:48,-21.090429,-53.763136,11.50,
MS040_Christoffer_692132A_2,2017.11.08 08:01:24,,2017-11-08T08:01:24,,,,-1,0,-1,,,2017.11.08 08:01:24,-21.095150,-53.752880,35.50,
MS040_Christoffer_692132A_2,2017.11.08 16:00:46,,2017-11-08T16:00:46,,,,-1,0,-1,,,2017.11.08 16:00:46,-21.099957,-53.756238,11.50,
MS040_Christoffer_692132A_2,2017.11.09 00:00:46,,2017-11-09T00:00:46,,,,-1,0,-1,,,2017.11.09 00:00:46,-21.109999,-53.751817,9.50,
MS040_Christoffer_692132A_2,2017.11.09 08:00:47,,2017-11-09T08:00:47,,,,-1,0,-1,,,2017.11.09 08:00:47,-21.112188,-53.779863,21.50,
MS040_Christoffer_692132A_2,2017.11.09 16:00:55,,2017-11-09T16:00:55,,,,-1,0,-1,,,2017.11.09 16:00:55,-21.093841,-53.771247,20.50,
MS040_Christoffer_692132A_2,2017.11.10 00:00:49,,2017-11-10T00:00:49,,,,-1,0,-1,,,2017.11.10 00:00:49,-21.095386,-53.769574,20.50,
MS040_Christoffer_692132A_2,2017.11.10 08:00:45,,2017-11-10T08:00:45,,,,-1,0,-1,,,2017.11.10 08:00:45,-21.121500,-53.765368,9.50,
MS040_Christoffer_692132A_2,2017.11.10 16:00:47,,2017-11-10T16:00:47,,,,-1,0,-1,,,2017.11.10 16:00:47,-21.112306,-53.744103,9.50,
MS040_Christoffer_692132A_2,2017.11.11 08:01:29,,2017-11-11T08:01:29,,,,-1,0,-1,,,2017.11.11 08:01:29,-21.105364,-53.762954,47.50,
MS040_Christoffer_692132A_2,2017.11.11 16:00:49,,2017-11-11T16:00:49,,,,-1,0,-1,,,2017.11.11 16:00:49,-21.099935,-53.756270,18.50,
MS040_Christoffer_692132A_2,2017.11.12 00:00:41,,2017-11-12T00:00:41,,,,-1,0,-1,,,2017.11.12 00:00:41,-21.094571,-53.752708,8.50,
MS040_Christoffer_692132A_2,2017.11.12 08:01:00,,2017-11-12T08:01:00,,,,-1,0,-1,,,2017.11.12 08:01:00,-21.095783,-53.766612,20.50,
MS040_Christoffer_692132A_2,2017.11.13 00:00:37,,2017-11-13T00:00:37,,,,-1,0,-1,,,2017.11.13 00:00:37,-21.088906,-53.763201,9.50,
MS040_Christoffer_692132A_2,2017.11.13 08:00:46,,2017-11-13T08:00:46,,,,-1,0,-1,,,2017.11.13 08:00:46,-21.086932,-53.761688,9.50,
MS040_Christoffer_692132A_2,2017.11.14 00:00:39,,2017-11-14T00:00:39,,,,-1,0,-1,,,2017.11.14 00:00:39,-21.092800,-53.754639,9.50,
MS040_Christoffer_692132A_2,2017.11.14 16:02:25,,2017-11-14T16:02:25,,,,-1,0,-1,,,2017.11.14 16:02:25,-21.097628,-53.765733,32.50,
MS040_Christoffer_692132A_2,2017.11.15 00:00:34,,2017-11-15T00:00:34,,,,-1,0,-1,,,2017.11.15 00:00:34,-21.097822,-53.765936,8.50,
MS040_Christoffer_692132A_2,2017.11.15 08:00:49,,2017-11-15T08:00:49,,,,-1,0,-1,,,2017.11.15 08:00:49,-21.098433,-53.765808,21.50,
MS040_Christoffer_692132A_2,2017.11.15 16:00:33,,2017-11-15T16:00:33,,,,-1,0,-1,,,2017.11.15 16:00:33,-21.098444,-53.765818,9.50,
MS040_Christoffer_692132A_2,2017.11.16 00:00:35,,2017-11-16T00:00:35,,,,-1,0,-1,,,2017.11.16 00:00:35,-21.098465,-53.765808,8.50,
MS040_Christoffer_692132A_2,2017.11.16 08:01:00,,2017-11-16T08:01:00,,,,-1,0,-1,,,2017.11.16 08:01:00,-21.102231,-53.756881,51.50,
MS040_Christoffer_692132A_2,2017.11.17 00:01:18,,2017-11-17T00:01:18,,,,-1,0,-1,,,2017.11.17 00:01:18,-21.099935,-53.756474,32.50,
MS040_Christoffer_692132A_2,2017.11.17 08:01:18,,2017-11-17T08:01:18,,,,-1,0,-1,,,2017.11.17 08:01:18,-21.099538,-53.766130,25.50,
MS040_Christoffer_692132A_2,2017.11.18 00:00:36,,2017-11-18T00:00:36,,,,-1,0,-1,,,2017.11.18 00:00:36,-21.094785,-53.768254,9.50,
MS040_Christoffer_692132A_2,2017.11.18 08:00:47,,2017-11-18T08:00:47,,,,-1,0,-1,,,2017.11.18 08:00:47,-21.093208,-53.761291,11.50,
MS040_Christoffer_692132A_2,2017.11.18 16:00:35,,2017-11-18T16:00:35,,,,-1,0,-1,,,2017.11.18 16:00:35,-21.093433,-53.762171,9.50,
MS040_Christoffer_692132A_2,2017.11.19 00:00:36,,2017-11-19T00:00:36,,,,-1,0,-1,,,2017.11.19 00:00:36,-21.106823,-53.760776,9.50,
MS040_Christoffer_692132A_2,2017.11.19 08:00:49,,2017-11-19T08:00:49,,,,-1,0,-1,,,2017.11.19 08:00:49,-21.121082,-53.765003,46.50,
MS040_Christoffer_692132A_2,2017.11.19 16:00:50,,2017-11-19T16:00:50,,,,-1,0,-1,,,2017.11.19 16:00:50,-21.121725,-53.759263,41.50,
MS040_Christoffer_692132A_2,2017.11.20 00:01:19,,2017-11-20T00:01:19,,,,-1,0,-1,,,2017.11.20 00:01:19,-21.128549,-53.771666,38.50,
MS040_Christoffer_692132A_2,2017.11.20 08:01:01,,2017-11-20T08:01:01,,,,-1,0,-1,,,2017.11.20 08:01:01,-21.136392,-53.771483,18.50,
MS040_Christoffer_692132A_2,2017.11.20 16:00:06,,2017-11-20T16:00:06,,,,-1,0,-1,,,2017.11.20 16:00:06,-21.137218,-53.770861,6.50,
MS040_Christoffer_692132A_2,2017.11.21 00:00:49,,2017-11-21T00:00:49,,,,-1,0,-1,,,2017.11.21 00:00:49,-21.129965,-53.770904,23.50,
MS040_Christoffer_692132A_2,2017.11.21 08:00:55,,2017-11-21T08:00:55,,,,-1,0,-1,,,2017.11.21 08:00:55,-21.119934,-53.766280,14.50,
MS040_Christoffer_692132A_2,2017.11.22 00:00:48,,2017-11-22T00:00:48,,,,-1,0,-1,,,2017.11.22 00:00:48,-21.110954,-53.757965,14.50,
MS040_Christoffer_692132A_2,2017.11.22 08:00:37,,2017-11-22T08:00:37,,,,-1,0,-1,,,2017.11.22 08:00:37,-21.102585,-53.756763,9.50,
MS040_Christoffer_692132A_2,2017.11.23 00:00:48,,2017-11-23T00:00:48,,,,-1,0,-1,,,2017.11.23 00:00:48,-21.097682,-53.765625,33.50,
MS040_Christoffer_692132A_2,2017.11.23 08:00:48,,2017-11-23T08:00:48,,,,-1,0,-1,,,2017.11.23 08:00:48,-21.094796,-53.768286,12.50,
MS040_Christoffer_692132A_2,2017.11.24 00:00:46,,2017-11-24T00:00:46,,,,-1,0,-1,,,2017.11.24 00:00:46,-21.094474,-53.763050,9.50,
MS040_Christoffer_692132A_2,2017.11.24 08:00:34,,2017-11-24T08:00:34,,,,-1,0,-1,,,2017.11.24 08:00:34,-21.103272,-53.760089,9.50,
MS040_Christoffer_692132A_2,2017.11.24 16:00:47,,2017-11-24T16:00:47,,,,-1,0,-1,,,2017.11.24 16:00:47,-21.100375,-53.754156,13.50,
MS040_Christoffer_692132A_2,2017.11.25 08:00:46,,2017-11-25T08:00:46,,,,-1,0,-1,,,2017.11.25 08:00:46,-21.096566,-53.764456,42.50,
MS040_Christoffer_692132A_2,2017.11.25 16:00:41,,2017-11-25T16:00:41,,,,-1,0,-1,,,2017.11.25 16:00:41,-21.092961,-53.756785,9.50,
MS040_Christoffer_692132A_2,2017.11.26 00:00:49,,2017-11-26T00:00:49,,,,-1,0,-1,,,2017.11.26 00:00:49,-21.100021,-53.765089,28.50,
MS040_Christoffer_692132A_2,2017.11.26 08:01:01,,2017-11-26T08:01:01,,,,-1,0,-1,,,2017.11.26 08:01:01,-21.090901,-53.765572,88.50,
MS040_Christoffer_692132A_2,2017.11.26 16:01:19,,2017-11-26T16:01:19,,,,-1,0,-1,,,2017.11.26 16:01:19,-21.097575,-53.765668,26.50,
MS040_Christoffer_692132A_2,2017.11.27 00:01:27,,2017-11-27T00:01:27,,,,-1,0,-1,,,2017.11.27 00:01:27,-21.107638,-53.758147,42.50,
MS040_Christoffer_692132A_2,2017.11.27 08:01:30,,2017-11-27T08:01:30,,,,-1,0,-1,,,2017.11.27 08:01:30,-21.107596,-53.764563,12.50,
MS040_Christoffer_692132A_2,2017.11.28 00:01:18,,2017-11-28T00:01:18,,,,-1,0,-1,,,2017.11.28 00:01:18,-21.090429,-53.763254,25.50,
MS040_Christoffer_692132A_2,2017.11.28 08:01:30,,2017-11-28T08:01:30,,,,-1,0,-1,,,2017.11.28 08:01:30,-21.105353,-53.770292,22.50,
MS040_Christoffer_692132A_2,2017.11.28 16:00:46,,2017-11-28T16:00:46,,,,-1,0,-1,,,2017.11.28 16:00:46,-21.102456,-53.755476,55.50,
MS040_Christoffer_692132A_2,2017.11.29 00:00:48,,2017-11-29T00:00:48,,,,-1,0,-1,,,2017.11.29 00:00:48,-21.102499,-53.755476,12.50,
MS040_Christoffer_692132A_2,2017.11.29 08:01:00,,2017-11-29T08:01:00,,,,-1,0,-1,,,2017.11.29 08:01:00,-21.110653,-53.759617,75.50,
MS040_Christoffer_692132A_2,2017.11.29 16:00:33,,2017-11-29T16:00:33,,,,-1,0,-1,,,2017.11.29 16:00:33,-21.110063,-53.760003,9.50,
MS040_Christoffer_692132A_2,2017.11.30 00:00:48,,2017-11-30T00:00:48,,,,-1,0,-1,,,2017.11.30 00:00:48,-21.110567,-53.759864,26.50,
MS040_Christoffer_692132A_2,2017.11.30 08:01:31,,2017-11-30T08:01:31,,,,-1,0,-1,,,2017.11.30 08:01:31,-21.092843,-53.759961,25.50,
MS040_Christoffer_692132A_2,2017.11.30 16:00:47,,2017-11-30T16:00:47,,,,-1,0,-1,,,2017.11.30 16:00:47,-21.092908,-53.756753,32.50,
MS040_Christoffer_692132A_2,2017.12.01 00:00:49,,2017-12-01T00:00:49,,,,-1,0,-1,,,2017.12.01 00:00:49,-21.097553,-53.768318,8.50,
MS040_Christoffer_692132A_2,2017.12.01 08:00:33,,2017-12-01T08:00:33,,,,-1,0,-1,,,2017.12.01 08:00:33,-21.114129,-53.751056,8.50,
MS040_Christoffer_692132A_2,2017.12.01 16:00:34,,2017-12-01T16:00:34,,,,-1,0,-1,,,2017.12.01 16:00:34,-21.114162,-53.751066,9.50,
MS040_Christoffer_692132A_2,2017.12.02 00:01:03,,2017-12-02T00:01:03,,,,-1,0,-1,,,2017.12.02 00:01:03,-21.114129,-53.755208,49.50,
MS040_Christoffer_692132A_2,2017.12.02 08:01:00,,2017-12-02T08:01:00,,,,-1,0,-1,,,2017.12.02 08:01:00,-21.089453,-53.768222,15.50,
MS040_Christoffer_692132A_2,2017.12.02 16:00:54,,2017-12-02T16:00:54,,,,-1,0,-1,,,2017.12.02 16:00:54,-21.097639,-53.765647,33.50,
MS040_Christoffer_692132A_2,2017.12.03 00:01:30,,2017-12-03T00:01:30,,,,-1,0,-1,,,2017.12.03 00:01:30,-21.097639,-53.765647,26.50,
MS040_Christoffer_692132A_2,2017.12.03 08:01:00,,2017-12-03T08:01:00,,,,-1,0,-1,,,2017.12.03 08:01:00,-21.109022,-53.758973,35.50,
MS040_Christoffer_692132A_2,2017.12.03 16:01:30,,2017-12-03T16:01:30,,,,-1,0,-1,,,2017.12.03 16:01:30,-21.111941,-53.744286,34.50,
MS040_Christoffer_692132A_2,2017.12.04 00:00:34,,2017-12-04T00:00:34,,,,-1,0,-1,,,2017.12.04 00:00:34,-21.112005,-53.744393,7.50,
MS040_Christoffer_692132A_2,2017.12.04 08:00:49,,2017-12-04T08:00:49,,,,-1,0,-1,,,2017.12.04 08:00:49,-21.128077,-53.773125,16.50,
MS040_Christoffer_692132A_2,2017.12.04 16:00:46,,2017-12-04T16:00:46,,,,-1,0,-1,,,2017.12.04 16:00:46,-21.099978,-53.767535,15.50,
MS040_Christoffer_692132A_2,2017.12.05 00:01:01,,2017-12-05T00:01:01,,,,-1,0,-1,,,2017.12.05 00:01:01,-21.106641,-53.763973,47.50,
MS040_Christoffer_692132A_2,2017.12.05 08:00:55,,2017-12-05T08:00:55,,,,-1,0,-1,,,2017.12.05 08:00:55,-21.112381,-53.761559,39.50,
MS040_Christoffer_692132A_2,2017.12.05 16:00:47,,2017-12-05T16:00:47,,,,-1,0,-1,,,2017.12.05 16:00:47,-21.116683,-53.760926,15.50,
MS040_Christoffer_692132A_2,2017.12.06 00:01:01,,2017-12-06T00:01:01,,,,-1,0,-1,,,2017.12.06 00:01:01,-21.116876,-53.764778,15.50,
MS040_Christoffer_692132A_2,2017.12.06 16:01:30,,2017-12-06T16:01:30,,,,-1,0,-1,,,2017.12.06 16:01:30,-21.119966,-53.759081,30.50,
MS040_Christoffer_692132A_2,2017.12.07 00:00:46,,2017-12-07T00:00:46,,,,-1,0,-1,,,2017.12.07 00:00:46,-21.120406,-53.764810,13.50,
MS040_Christoffer_692132A_2,2017.12.07 08:00:48,,2017-12-07T08:00:48,,,,-1,0,-1,,,2017.12.07 08:00:48,-21.119269,-53.757171,49.50,
MS040_Christoffer_692132A_2,2017.12.07 16:00:46,,2017-12-07T16:00:46,,,,-1,0,-1,,,2017.12.07 16:00:46,-21.119290,-53.757246,11.50,
MS040_Christoffer_692132A_2,2017.12.08 00:00:48,,2017-12-08T00:00:48,,,,-1,0,-1,,,2017.12.08 00:00:48,-21.124751,-53.762503,23.50,
MS040_Christoffer_692132A_2,2017.12.08 08:01:00,,2017-12-08T08:01:00,,,,-1,0,-1,,,2017.12.08 08:01:00,-21.129665,-53.762117,48.50,
MS040_Christoffer_692132A_2,2017.12.08 16:03:00,,2017-12-08T16:03:00,,,,-1,0,-1,,,2017.12.08 16:03:00,-21.131875,-53.762986,45.50,
MS040_Christoffer_692132A_2,2017.12.09 00:01:01,,2017-12-09T00:01:01,,,,-1,0,-1,,,2017.12.09 00:01:01,-21.133742,-53.765636,26.50,
MS040_Christoffer_692132A_2,2017.12.09 08:00:55,,2017-12-09T08:00:55,,,,-1,0,-1,,,2017.12.09 08:00:55,-21.126435,-53.754757,21.50,
MS040_Christoffer_692132A_2,2017.12.10 00:01:19,,2017-12-10T00:01:19,,,,-1,0,-1,,,2017.12.10 00:01:19,-21.119129,-53.754757,30.50,
MS040_Christoffer_692132A_2,2017.12.10 08:01:01,,2017-12-10T08:01:01,,,,-1,0,-1,,,2017.12.10 08:01:01,-21.119000,-53.761881,27.50,
MS040_Christoffer_692132A_2,2017.12.10 16:01:25,,2017-12-10T16:01:25,,,,-1,0,-1,,,2017.12.10 16:01:25,-21.122444,-53.760915,27.50,
MS040_Christoffer_692132A_2,2017.12.11 00:00:49,,2017-12-11T00:00:49,,,,-1,0,-1,,,2017.12.11 00:00:49,-21.116264,-53.762460,14.50,
MS040_Christoffer_692132A_2,2017.12.11 08:01:25,,2017-12-11T08:01:25,,,,-1,0,-1,,,2017.12.11 08:01:25,-21.124182,-53.768329,20.50,
MS040_Christoffer_692132A_2,2017.12.11 16:02:48,,2017-12-11T16:02:48,,,,-1,0,-1,,,2017.12.11 16:02:48,-21.109859,-53.765110,20.50,
MS040_Christoffer_692132A_2,2017.12.12 00:01:00,,2017-12-12T00:01:00,,,,-1,0,-1,,,2017.12.12 00:01:00,-21.109838,-53.765100,40.50,
MS040_Christoffer_692132A_2,2017.12.12 08:01:05,,2017-12-12T08:01:05,,,,-1,0,-1,,,2017.12.12 08:01:05,-21.097704,-53.765658,55.50,
MS040_Christoffer_692132A_2,2017.12.12 16:01:48,,2017-12-12T16:01:48,,,,-1,0,-1,,,2017.12.12 16:01:48,-21.097682,-53.765690,31.50,
MS040_Christoffer_692132A_2,2017.12.13 00:00:38,,2017-12-13T00:00:38,,,,-1,0,-1,,,2017.12.13 00:00:38,-21.097940,-53.764713,7.50,
MS040_Christoffer_692132A_2,2017.12.13 08:00:54,,2017-12-13T08:00:54,,,,-1,0,-1,,,2017.12.13 08:00:54,-21.100804,-53.756828,27.50,
MS040_Christoffer_692132A_2,2017.12.13 16:00:43,,2017-12-13T16:00:43,,,,-1,0,-1,,,2017.12.13 16:00:43,-21.100407,-53.756248,10.50,
MS040_Christoffer_692132A_2,2017.12.14 00:01:01,,2017-12-14T00:01:01,,,,-1,0,-1,,,2017.12.14 00:01:01,-21.100354,-53.756248,13.50,
MS040_Christoffer_692132A_2,2017.12.14 08:00:54,,2017-12-14T08:00:54,,,,-1,0,-1,,,2017.12.14 08:00:54,-21.097865,-53.763297,51.50,
MS040_Christoffer_692132A_2,2017.12.14 16:00:46,,2017-12-14T16:00:46,,,,-1,0,-1,,,2017.12.14 16:00:46,-21.097661,-53.765668,11.50,
MS040_Christoffer_692132A_2,2017.12.15 00:00:37,,2017-12-15T00:00:37,,,,-1,0,-1,,,2017.12.15 00:00:37,-21.097468,-53.766248,9.50,
MS040_Christoffer_692132A_2,2017.12.15 08:00:50,,2017-12-15T08:00:50,,,,-1,0,-1,,,2017.12.15 08:00:50,-21.100879,-53.761463,13.50,
MS040_Christoffer_692132A_2,2017.12.16 00:01:55,,2017-12-16T00:01:55,,,,-1,0,-1,,,2017.12.16 00:01:55,-21.097779,-53.765765,48.50,
MS040_Christoffer_692132A_2,2017.12.16 08:00:46,,2017-12-16T08:00:46,,,,-1,0,-1,,,2017.12.16 08:00:46,-21.104345,-53.761827,27.50,
MS040_Christoffer_692132A_2,2017.12.16 16:01:18,,2017-12-16T16:01:18,,,,-1,0,-1,,,2017.12.16 16:01:18,-21.097682,-53.765615,30.50,
MS040_Christoffer_692132A_2,2017.12.17 00:01:00,,2017-12-17T00:01:00,,,,-1,0,-1,,,2017.12.17 00:01:00,-21.097586,-53.765711,39.50,
MS040_Christoffer_692132A_2,2017.12.17 08:00:48,,2017-12-17T08:00:48,,,,-1,0,-1,,,2017.12.17 08:00:48,-21.104752,-53.765582,31.50,
MS040_Christoffer_692132A_2,2017.12.17 16:00:35,,2017-12-17T16:00:35,,,,-1,0,-1,,,2017.12.17 16:00:35,-21.099978,-53.767514,8.50,
MS040_Christoffer_692132A_2,2017.12.18 00:00:32,,2017-12-18T00:00:32,,,,-1,0,-1,,,2017.12.18 00:00:32,-21.100042,-53.766870,8.50,
MS040_Christoffer_692132A_2,2017.12.18 08:00:49,,2017-12-18T08:00:49,,,,-1,0,-1,,,2017.12.18 08:00:49,-21.106501,-53.758673,19.50,
MS040_Christoffer_692132A_2,2017.12.18 16:00:46,,2017-12-18T16:00:46,,,,-1,0,-1,,,2017.12.18 16:00:46,-21.102467,-53.755508,17.50,
MS040_Christoffer_692132A_2,2017.12.19 00:00:47,,2017-12-19T00:00:47,,,,-1,0,-1,,,2017.12.19 00:00:47,-21.102510,-53.755497,9.50,
MS040_Christoffer_692132A_2,2017.12.19 08:01:04,,2017-12-19T08:01:04,,,,-1,0,-1,,,2017.12.19 08:01:04,-21.110664,-53.758212,46.50,
MS040_Christoffer_692132A_2,2017.12.19 16:02:19,,2017-12-19T16:02:19,,,,-1,0,-1,,,2017.12.19 16:02:19,-21.109881,-53.765250,46.50,
MS040_Christoffer_692132A_2,2017.12.20 00:00:49,,2017-12-20T00:00:49,,,,-1,0,-1,,,2017.12.20 00:00:49,-21.109913,-53.765121,26.50,
MS040_Christoffer_692132A_2,2017.12.20 08:01:19,,2017-12-20T08:01:19,,,,-1,0,-1,,,2017.12.20 08:01:19,-21.098755,-53.763351,37.50,
MS040_Christoffer_692132A_2,2017.12.20 16:00:46,,2017-12-20T16:00:46,,,,-1,0,-1,,,2017.12.20 16:00:46,-21.102145,-53.755240,8.50,
MS040_Christoffer_692132A_2,2017.12.21 00:00:37,,2017-12-21T00:00:37,,,,-1,0,-1,,,2017.12.21 00:00:37,-21.102113,-53.755208,9.50,
MS040_Christoffer_692132A_2,2017.12.21 08:01:01,,2017-12-21T08:01:01,,,,-1,0,-1,,,2017.12.21 08:01:01,-21.111125,-53.757021,20.50,
MS040_Christoffer_692132A_2,2017.12.22 00:00:42,,2017-12-22T00:00:42,,,,-1,0,-1,,,2017.12.22 00:00:42,-21.110653,-53.743481,9.50,
MS040_Christoffer_692132A_2,2017.12.22 08:02:00,,2017-12-22T08:02:00,,,,-1,0,-1,,,2017.12.22 08:02:00,-21.110771,-53.757096,12.50,
MS040_Christoffer_692132A_2,2017.12.22 16:00:46,,2017-12-22T16:00:46,,,,-1,0,-1,,,2017.12.22 16:00:46,-21.102499,-53.755476,25.50,
MS040_Christoffer_692132A_2,2017.12.23 00:00:55,,2017-12-23T00:00:55,,,,-1,0,-1,,,2017.12.23 00:00:55,-21.108293,-53.759564,96.50,
MS040_Christoffer_692132A_2,2017.12.23 08:01:29,,2017-12-23T08:01:29,,,,-1,0,-1,,,2017.12.23 08:01:29,-21.110868,-53.759907,88.50,
MS040_Christoffer_692132A_2,2017.12.23 16:00:35,,2017-12-23T16:00:35,,,,-1,0,-1,,,2017.12.23 16:00:35,-21.108111,-53.758383,8.50,
MS040_Christoffer_692132A_2,2017.12.24 00:00:55,,2017-12-24T00:00:55,,,,-1,0,-1,,,2017.12.24 00:00:55,-21.111179,-53.757107,26.50,
MS040_Christoffer_692132A_2,2017.12.24 08:01:36,,2017-12-24T08:01:36,,,,-1,0,-1,,,2017.12.24 08:01:36,-21.113282,-53.749468,74.50,
MS040_Christoffer_692132A_2,2017.12.24 16:00:34,,2017-12-24T16:00:34,,,,-1,0,-1,,,2017.12.24 16:00:34,-21.113625,-53.749639,9.50,
MS040_Christoffer_692132A_2,2017.12.25 00:01:01,,2017-12-25T00:01:01,,,,-1,0,-1,,,2017.12.25 00:01:01,-21.112220,-53.757525,28.50,
MS040_Christoffer_692132A_2,2017.12.25 08:01:33,,2017-12-25T08:01:33,,,,-1,0,-1,,,2017.12.25 08:01:33,-21.107896,-53.749124,57.50,
MS040_Christoffer_692132A_2,2017.12.25 16:00:46,,2017-12-25T16:00:46,,,,-1,0,-1,,,2017.12.25 16:00:46,-21.102510,-53.755497,9.50,
MS040_Christoffer_692132A_2,2017.12.26 00:01:07,,2017-12-26T00:01:07,,,,-1,0,-1,,,2017.12.26 00:01:07,-21.102617,-53.755508,58.50,
MS040_Christoffer_692132A_2,2017.12.26 16:00:47,,2017-12-26T16:00:47,,,,-1,0,-1,,,2017.12.26 16:00:47,-21.106973,-53.752236,30.50,
MS040_Christoffer_692132A_2,2017.12.27 00:01:18,,2017-12-27T00:01:18,,,,-1,0,-1,,,2017.12.27 00:01:18,-21.108196,-53.759810,16.50,
MS040_Christoffer_692132A_2,2017.12.27 08:02:04,,2017-12-27T08:02:04,,,,-1,0,-1,,,2017.12.27 08:02:04,-21.111415,-53.758609,45.50,
MS040_Christoffer_692132A_2,2017.12.27 16:00:34,,2017-12-27T16:00:34,,,,-1,0,-1,,,2017.12.27 16:00:34,-21.111179,-53.759671,8.50,
MS040_Christoffer_692132A_2,2017.12.28 00:01:00,,2017-12-28T00:01:00,,,,-1,0,-1,,,2017.12.28 00:01:00,-21.108304,-53.763962,27.50,
MS040_Christoffer_692132A_2,2017.12.28 16:00:47,,2017-12-28T16:00:47,,,,-1,0,-1,,,2017.12.28 16:00:47,-21.099957,-53.756291,32.50,
MS040_Christoffer_692132A_2,2017.12.29 08:00:36,,2017-12-29T08:00:36,,,,-1,0,-1,,,2017.12.29 08:00:36,-21.099163,-53.765797,9.50,
MS040_Christoffer_692132A_2,2017.12.29 16:00:38,,2017-12-29T16:00:38,,,,-1,0,-1,,,2017.12.29 16:00:38,-21.099152,-53.765786,9.50,
MS040_Christoffer_692132A_2,2017.12.30 00:02:54,,2017-12-30T00:02:54,,,,-1,0,-1,,,2017.12.30 00:02:54,-21.095826,-53.763898,82.50,
MS040_Christoffer_692132A_2,2017.12.30 16:00:46,,2017-12-30T16:00:46,,,,-1,0,-1,,,2017.12.30 16:00:46,-21.102811,-53.760250,34.50,
MS040_Christoffer_692132A_2,2017.12.31 00:02:01,,2017-12-31T00:02:01,,,,-1,0,-1,,,2017.12.31 00:02:01,-21.108969,-53.758426,20.50,
MS040_Christoffer_692132A_2,2017.12.31 16:00:48,,2017-12-31T16:00:48,,,,-1,0,-1,,,2017.12.31 16:00:48,-21.109849,-53.765164,32.50,
MS040_Christoffer_692132A_2,2018.01.01 00:01:00,,2018-01-01T00:01:00,,,,-1,0,-1,,,2018.01.01 00:01:00,-21.108389,-53.766795,29.50,
MS040_Christoffer_692132A_2,2018.01.01 08:02:30,,2018-01-01T08:02:30,,,,-1,0,-1,,,2018.01.01 08:02:30,-21.107563,-53.761463,25.50,
MS040_Christoffer_692132A_2,2018.01.01 16:00:35,,2018-01-01T16:00:35,,,,-1,0,-1,,,2018.01.01 16:00:35,-21.108100,-53.758383,9.50,
MS040_Christoffer_692132A_2,2018.01.02 00:00:36,,2018-01-02T00:00:36,,,,-1,0,-1,,,2018.01.02 00:00:36,-21.108111,-53.758362,9.50,
MS040_Christoffer_692132A_2,2018.01.02 08:01:30,,2018-01-02T08:01:30,,,,-1,0,-1,,,2018.01.02 08:01:30,-21.098068,-53.764767,19.50,
MS040_Christoffer_692132A_2,2018.01.03 00:01:19,,2018-01-03T00:01:19,,,,-1,0,-1,,,2018.01.03 00:01:19,-21.098573,-53.763544,32.50,
MS040_Christoffer_692132A_2,2018.01.03 08:01:01,,2018-01-03T08:01:01,,,,-1,0,-1,,,2018.01.03 08:01:01,-21.111415,-53.757654,25.50,
MS040_Christoffer_692132A_2,2018.01.04 00:00:48,,2018-01-04T00:00:48,,,,-1,0,-1,,,2018.01.04 00:00:48,-21.108947,-53.757429,20.50,
MS040_Christoffer_692132A_2,2018.01.04 08:00:40,,2018-01-04T08:00:40,,,,-1,0,-1,,,2018.01.04 08:00:40,-21.109022,-53.755991,9.50,
MS040_Christoffer_692132A_2,2018.01.05 00:01:05,,2018-01-05T00:01:05,,,,-1,0,-1,,,2018.01.05 00:01:05,-21.102896,-53.755648,48.50,
MS040_Christoffer_692132A_2,2018.01.05 08:02:00,,2018-01-05T08:02:00,,,,-1,0,-1,,,2018.01.05 08:02:00,-21.100000,-53.765346,22.50,
MS040_Christoffer_692132A_2,2018.01.06 08:02:43,,2018-01-06T08:02:43,,,,-1,0,-1,,,2018.01.06 08:02:43,-21.104484,-53.760089,25.50,
MS040_Christoffer_692132A_2,2018.01.07 00:01:00,,2018-01-07T00:01:00,,,,-1,0,-1,,,2018.01.07 00:01:00,-21.111308,-53.757150,43.50,
MS040_Christoffer_692132A_2,2018.01.07 08:00:36,,2018-01-07T08:00:36,,,,-1,0,-1,,,2018.01.07 08:00:36,-21.110042,-53.762943,9.50,
MS040_Christoffer_692132A_2,2018.01.08 00:01:31,,2018-01-08T00:01:31,,,,-1,0,-1,,,2018.01.08 00:01:31,-21.108829,-53.764091,11.50,
MS040_Christoffer_692132A_2,2018.01.08 08:00:37,,2018-01-08T08:00:37,,,,-1,0,-1,,,2018.01.08 08:00:37,-21.107563,-53.761538,9.50,
MS040_Christoffer_692132A_2,2018.01.08 16:00:37,,2018-01-08T16:00:37,,,,-1,0,-1,,,2018.01.08 16:00:37,-21.105772,-53.759843,9.50,
MS040_Christoffer_692132A_2,2018.01.09 00:01:30,,2018-01-09T00:01:30,,,,-1,0,-1,,,2018.01.09 00:01:30,-21.111254,-53.757450,10.50,
MS040_Christoffer_692132A_2,2018.01.09 08:01:31,,2018-01-09T08:01:31,,,,-1,0,-1,,,2018.01.09 08:01:31,-21.103991,-53.756120,19.50,
MS040_Christoffer_692132A_2,2018.01.09 16:01:01,,2018-01-09T16:01:01,,,,-1,0,-1,,,2018.01.09 16:01:01,-21.102510,-53.755487,37.50,
MS040_Christoffer_692132A_2,2018.01.10 00:01:49,,2018-01-10T00:01:49,,,,-1,0,-1,,,2018.01.10 00:01:49,-21.102703,-53.760679,29.50,
MS040_Christoffer_692132A_2,2018.01.10 16:00:47,,2018-01-10T16:00:47,,,,-1,0,-1,,,2018.01.10 16:00:47,-21.102746,-53.761688,10.50,
MS040_Christoffer_692132A_2,2018.01.11 00:02:38,,2018-01-11T00:02:38,,,,-1,0,-1,,,2018.01.11 00:02:38,-21.107574,-53.764917,28.50,
MS040_Christoffer_692132A_2,2018.01.11 16:00:46,,2018-01-11T16:00:46,,,,-1,0,-1,,,2018.01.11 16:00:46,-21.098787,-53.754811,17.50,
MS040_Christoffer_692132A_2,2018.01.12 00:01:18,,2018-01-12T00:01:18,,,,-1,0,-1,,,2018.01.12 00:01:18,-21.094013,-53.752654,32.50,
MS040_Christoffer_692132A_2,2018.01.12 08:00:34,,2018-01-12T08:00:34,,,,-1,0,-1,,,2018.01.12 08:00:34,-21.092146,-53.758609,9.50,
MS040_Christoffer_692132A_2,2018.01.13 00:01:01,,2018-01-13T00:01:01,,,,-1,0,-1,,,2018.01.13 00:01:01,-21.090483,-53.763222,27.50,
MS040_Christoffer_692132A_2,2018.01.13 08:01:55,,2018-01-13T08:01:55,,,,-1,0,-1,,,2018.01.13 08:01:55,-21.106394,-53.770056,39.50,
MS040_Christoffer_692132A_2,2018.01.14 00:02:01,,2018-01-14T00:02:01,,,,-1,0,-1,,,2018.01.14 00:02:01,-21.106995,-53.761849,29.50,
MS040_Christoffer_692132A_2,2018.01.14 08:00:46,,2018-01-14T08:00:46,,,,-1,0,-1,,,2018.01.14 08:00:46,-21.113454,-53.755615,13.50,
MS040_Christoffer_692132A_2,2018.01.15 00:01:24,,2018-01-15T00:01:24,,,,-1,0,-1,,,2018.01.15 00:01:24,-21.111168,-53.757729,20.50,
MS040_Christoffer_692132A_2,2018.01.15 16:00:46,,2018-01-15T16:00:46,,,,-1,0,-1,,,2018.01.15 16:00:46,-21.102499,-53.755508,19.50,
MS040_Christoffer_692132A_2,2018.01.16 16:01:05,,2018-01-16T16:01:05,,,,-1,0,-1,,,2018.01.16 16:01:05,-21.116275,-53.758458,71.50,
MS040_Christoffer_692132A_2,2018.01.17 00:02:31,,2018-01-17T00:02:31,,,,-1,0,-1,,,2018.01.17 00:02:31,-21.111158,-53.757289,27.50,
MS040_Christoffer_692132A_2,2018.01.17 16:00:47,,2018-01-17T16:00:47,,,,-1,0,-1,,,2018.01.17 16:00:47,-21.101008,-53.763050,33.50,
MS040_Christoffer_692132A_2,2018.01.18 16:01:31,,2018-01-18T16:01:31,,,,-1,0,-1,,,2018.01.18 16:01:31,-21.092929,-53.756474,41.50,
MS040_Christoffer_692132A_2,2018.01.19 00:00:42,,2018-01-19T00:00:42,,,,-1,0,-1,,,2018.01.19 00:00:42,-21.092908,-53.756463,9.50,
MS040_Christoffer_692132A_2,2018.01.19 16:00:47,,2018-01-19T16:00:47,,,,-1,0,-1,,,2018.01.19 16:00:47,-21.103926,-53.769831,10.50,
MS040_Christoffer_692132A_2,2018.01.20 00:01:10,,2018-01-20T00:01:10,,,,-1,0,-1,,,2018.01.20 00:01:10,-21.103798,-53.769820,69.50,
MS040_Christoffer_692132A_2,2018.01.20 08:01:00,,2018-01-20T08:01:00,,,,-1,0,-1,,,2018.01.20 08:01:00,-21.104774,-53.765389,37.50,
MS040_Christoffer_692132A_2,2018.01.20 16:02:30,,2018-01-20T16:02:30,,,,-1,0,-1,,,2018.01.20 16:02:30,-21.099946,-53.767481,34.50,
MS040_Christoffer_692132A_2,2018.01.21 00:00:40,,2018-01-21T00:00:40,,,,-1,0,-1,,,2018.01.21 00:00:40,-21.099978,-53.767492,9.50,
MS040_Christoffer_692132A_2,2018.01.21 08:02:31,,2018-01-21T08:02:31,,,,-1,0,-1,,,2018.01.21 08:02:31,-21.111447,-53.757707,42.50,
MS040_Christoffer_692132A_2,2018.01.21 16:00:46,,2018-01-21T16:00:46,,,,-1,0,-1,,,2018.01.21 16:00:46,-21.102521,-53.755476,12.50,
MS040_Christoffer_692132A_2,2018.01.22 00:01:59,,2018-01-22T00:01:59,,,,-1,0,-1,,,2018.01.22 00:01:59,-21.102564,-53.755508,85.50,
MS040_Christoffer_692132A_2,2018.01.22 16:01:00,,2018-01-22T16:01:00,,,,-1,0,-1,,,2018.01.22 16:01:00,-21.102489,-53.755519,66.50,
MS040_Christoffer_692132A_2,2018.01.23 00:01:01,,2018-01-23T00:01:01,,,,-1,0,-1,,,2018.01.23 00:01:01,-21.102478,-53.755454,26.50,
MS040_Christoffer_692132A_2,2018.01.23 08:03:01,,2018-01-23T08:03:01,,,,-1,0,-1,,,2018.01.23 08:03:01,-21.109924,-53.760518,32.50,
MS040_Christoffer_692132A_2,2018.01.23 16:00:54,,2018-01-23T16:00:54,,,,-1,0,-1,,,2018.01.23 16:00:54,-21.101555,-53.768930,59.50,
MS040_Christoffer_692132A_2,2018.01.24 00:00:37,,2018-01-24T00:00:37,,,,-1,0,-1,,,2018.01.24 00:00:37,-21.101566,-53.768855,9.50,
MS040_Christoffer_692132A_2,2018.01.24 08:02:19,,2018-01-24T08:02:19,,,,-1,0,-1,,,2018.01.24 08:02:19,-21.107499,-53.764928,21.50,
MS040_Christoffer_692132A_2,2018.01.24 16:01:31,,2018-01-24T16:01:31,,,,-1,0,-1,,,2018.01.24 16:01:31,-21.105031,-53.765615,30.50,
MS040_Christoffer_692132A_2,2018.01.25 00:00:34,,2018-01-25T00:00:34,,,,-1,0,-1,,,2018.01.25 00:00:34,-21.105010,-53.765582,9.50,
MS040_Christoffer_692132A_2,2018.01.25 16:00:40,,2018-01-25T16:00:40,,,,-1,0,-1,,,2018.01.25 16:00:40,-21.098551,-53.765990,9.50,
MS040_Christoffer_692132A_2,2018.01.26 00:00:33,,2018-01-26T00:00:33,,,,-1,0,-1,,,2018.01.26 00:00:33,-21.098562,-53.766001,6.50,
MS040_Christoffer_692132A_2,2018.01.26 16:00:54,,2018-01-26T16:00:54,,,,-1,0,-1,,,2018.01.26 16:00:54,-21.101598,-53.768876,41.50,
MS040_Christoffer_692132A_2,2018.01.27 08:01:31,,2018-01-27T08:01:31,,,,-1,0,-1,,,2018.01.27 08:01:31,-21.112102,-53.763244,34.50,
MS040_Christoffer_692132A_2,2018.01.27 16:00:49,,2018-01-27T16:00:49,,,,-1,0,-1,,,2018.01.27 16:00:49,-21.101587,-53.768898,51.50,
MS040_Christoffer_692132A_2,2018.01.28 08:02:24,,2018-01-28T08:02:24,,,,-1,0,-1,,,2018.01.28 08:02:24,-21.107875,-53.759113,19.50,
MS040_Christoffer_692132A_2,2018.01.28 16:00:47,,2018-01-28T16:00:47,,,,-1,0,-1,,,2018.01.28 16:00:47,-21.107402,-53.758544,45.50,
MS040_Christoffer_692132A_2,2018.01.29 00:00:36,,2018-01-29T00:00:36,,,,-1,0,-1,,,2018.01.29 00:00:36,-21.107413,-53.758448,8.50,
MS040_Christoffer_692132A_2,2018.01.29 08:00:47,,2018-01-29T08:00:47,,,,-1,0,-1,,,2018.01.29 08:00:47,-21.111211,-53.757300,9.50,
MS040_Christoffer_692132A_2,2018.01.29 16:00:44,,2018-01-29T16:00:44,,,,-1,0,-1,,,2018.01.29 16:00:44,-21.108969,-53.757471,9.50,
MS040_Christoffer_692132A_2,2018.01.30 00:00:46,,2018-01-30T00:00:46,,,,-1,0,-1,,,2018.01.30 00:00:46,-21.108958,-53.757461,21.50,
MS040_Christoffer_692132A_2,2018.01.30 08:03:02,,2018-01-30T08:03:02,,,,-1,0,-1,,,2018.01.30 08:03:02,-21.107928,-53.764606,24.50,
MS040_Christoffer_692132A_2,2018.01.31 08:01:19,,2018-01-31T08:01:19,,,,-1,0,-1,,,2018.01.31 08:01:19,-21.108218,-53.759907,34.50,
MS040_Christoffer_692132A_2,2018.01.31 16:00:53,,2018-01-31T16:00:53,,,,-1,0,-1,,,2018.01.31 16:00:53,-21.102456,-53.755444,54.50,
MS040_Christoffer_692132A_2,2018.02.01 00:00:46,,2018-02-01T00:00:46,,,,-1,0,-1,,,2018.02.01 00:00:46,-21.102510,-53.755444,11.50,
MS040_Christoffer_692132A_2,2018.02.01 08:01:31,,2018-02-01T08:01:31,,,,-1,0,-1,,,2018.02.01 08:01:31,-21.109806,-53.757547,13.50,
MS040_Christoffer_692132A_2,2018.02.01 16:00:36,,2018-02-01T16:00:36,,,,-1,0,-1,,,2018.02.01 16:00:36,-21.109001,-53.757579,9.50,
MS040_Christoffer_692132A_2,2018.02.02 00:00:48,,2018-02-02T00:00:48,,,,-1,0,-1,,,2018.02.02 00:00:48,-21.109055,-53.757579,14.50,
MS040_Christoffer_692132A_2,2018.02.02 08:01:19,,2018-02-02T08:01:19,,,,-1,0,-1,,,2018.02.02 08:01:19,-21.112606,-53.757128,17.50,
MS040_Christoffer_692132A_2,2018.02.03 00:01:19,,2018-02-03T00:01:19,,,,-1,0,-1,,,2018.02.03 00:01:19,-21.112230,-53.756592,25.50,
MS040_Christoffer_692132A_2,2018.02.03 08:02:01,,2018-02-03T08:02:01,,,,-1,0,-1,,,2018.02.03 08:02:01,-21.105525,-53.761001,46.50,
MS040_Christoffer_692132A_2,2018.02.04 00:00:37,,2018-02-04T00:00:37,,,,-1,0,-1,,,2018.02.04 00:00:37,-21.105643,-53.760808,9.50,
MS040_Christoffer_692132A_2,2018.02.04 08:01:48,,2018-02-04T08:01:48,,,,-1,0,-1,,,2018.02.04 08:01:48,-21.105042,-53.766999,17.50,
MS040_Christoffer_692132A_2,2018.02.04 16:00:59,,2018-02-04T16:00:59,,,,-1,0,-1,,,2018.02.04 16:00:59,-21.097671,-53.765733,54.50,
MS040_Christoffer_692132A_2,2018.02.05 16:01:54,,2018-02-05T16:01:54,,,,-1,0,-1,,,2018.02.05 16:01:54,-21.105010,-53.765647,43.50,
MS040_Christoffer_692132A_2,2018.02.09 00:00:47,,2018-02-09T00:00:47,,,,-1,0,-1,,,2018.02.09 00:00:47,-20.489464,-54.549721,65.50,
MS040_Christoffer_692132A_2,2018.02.09 16:01:24,,2018-02-09T16:01:24,,,,-1,0,-1,,,2018.02.09 16:01:24,-20.489550,-54.549871,46.50,
MS040_Christoffer_692132A_2,2018.02.10 00:01:04,,2018-02-10T00:01:04,,,,-1,0,-1,,,2018.02.10 00:01:04,-20.489668,-54.549893,49.50,
MS040_Christoffer_692132A_2,2018.02.10 16:02:34,,2018-02-10T16:02:34,,,,-1,0,-1,,,2018.02.10 16:02:34,-20.489679,-54.549893,44.50,
MS040_Christoffer_692132A_2,2018.02.11 00:01:35,,2018-02-11T00:01:35,,,,-1,0,-1,,,2018.02.11 00:01:35,-20.489636,-54.549817,58.50,
MS040_Christoffer_692132A_2,2018.02.11 08:00:55,,2018-02-11T08:00:55,,,,-1,0,-1,,,2018.02.11 08:00:55,-20.489550,-54.549828,44.50,
MS040_Christoffer_692132A_2,2018.02.11 16:02:16,,2018-02-11T16:02:16,,,,-1,0,-1,,,2018.02.11 16:02:16,-20.489432,-54.549914,99.50,
MS040_Christoffer_692132A_2,2018.02.12 00:00:54,,2018-02-12T00:00:54,,,,-1,0,-1,,,2018.02.12 00:00:54,-20.489754,-54.549828,51.50,
MS040_Christoffer_692132A_2,2018.02.12 08:01:38,,2018-02-12T08:01:38,,,,-1,0,-1,,,2018.02.12 08:01:38,-20.489540,-54.549871,94.50,
MS040_Christoffer_692132A_2,2018.02.12 16:00:46,,2018-02-12T16:00:46,,,,-1,0,-1,,,2018.02.12 16:00:46,-20.489658,-54.549871,23.50,
